PERMNO,mean_size,num_obs
10001,20957.635416666668,12
10002,81870.97135416667,12
10009,66722.765625,10
10012,154499.45833333334,9
10016,329442.3697916667,12
10019,53625.2625,5
10025,230366.421875,12
10026,140044.32291666666,12
10028,35754.854421818185,11
10032,1740740.6303925,12
10035,142711.525,5
10037,31440.333333333332,12
10039,109164.25,12
10044,13188.583333333334,3
10051,100191.0,1
10056,39413.625,12
10065,1899963.5104166667,12
10078,148658924.2873075,12
10085,342919.1625,10
10087,49939.09375,1
10089,64745.838541666664,12
10092,231781.43229166666,12
10104,202180927.01451835,12
10107,383443275.8177083,12
10108,4972656.661458333,12
10116,,0
10119,1502362.3020833333,12
10122,119644.04166666667,12
10123,285398.1875,12
10126,1075515.34375,6
10137,3738718.75,12
10138,4940679.080964167,12
10142,19023.90625,3
10143,1117203.1204166666,12
10145,36627419.119791664,12
10147,160255899.86979166,12
10149,69729.49479166667,12
10163,194328.5390625,12
10180,157726.19375,10
10182,1943386.9325516669,12
10192,239841.02083333334,12
10194,60774.27777777778,9
10195,97666.47916666667,12
10200,198984.05859375,8
10205,34396.604166666664,12
10207,47612.43359375,8
10211,383093.0520833333,12
10216,379971.3203125,8
10225,4155541.6354166665,12
10230,189087.234375,12
10232,16318.716145833334,12
10235,116619.15625,2
10238,272763.9010416667,12
10239,191765.328125,12
10252,168640.5546875,12
10253,,0
10257,48730.5,1
10258,439273.92613636365,11
10259,125873.75,4
10271,91989.8581275,12
10272,2107904.5416666665,12
10290,534976.3258208333,12
10294,53747.114583333336,12
10297,25178.760416666668,12
10299,17930691.109375,12
10302,4582277.869791667,12
10303,,0
10304,520370.4895833333,12
10307,21637.26388888889,9
10308,184759.54166666666,12
10318,51285.03125,12
10324,5695969.46875,12
10325,84031.91071428571,7
10333,617855.7118055555,9
10341,30775.9296875,12
10342,706757.046875,12
10346,202005.25694444444,9
10353,2584402.1614583335,12
10355,46921.229166666664,12
10362,79153.328125,10
10363,49313.71428571428,7
10371,120339.99479166667,12
10375,2474118.1770833335,12
10382,380696.390625,12
10383,619254.671875,8
10388,411260.375,12
10395,90900.33333333333,12
10397,668143.1666666666,12
10398,671454.8125,3
10401,121103734.83854167,12
10410,2374194.703125,8
10412,,0
10421,1143446.0833333333,12
10422,212817.609375,2
10423,34057.929278181815,11
10439,,0
10442,28519.192708333332,6
10443,62932.786458333336,12
10449,73659.03125,12
10453,28835.161458333332,12
10456,32147.0375,5
10463,277751.0260416667,12
10467,53750.875,12
10488,14380.99375,10
10501,150499.56065333335,12
10513,610002.6953125,4
10514,487629.5104166667,12
10516,6651745.213541667,12
10517,59823.802083333336,12
10530,108525.25852272728,11
10531,,0
10536,18499.43125,10
10545,2166070.0520833335,6
10547,179886.203125,12
10560,3688783.109375,12
10562,1730302.40625,12
10563,78879.58854166667,12
10564,4517709.520833333,12
10574,99889.48958333333,12
10586,38132.734375,12
10588,97138.05951666668,12
10594,2262377.6927083335,12
10597,65010.27272727273,11
10604,25074500.333333332,3
10606,209493.44791666666,12
10623,209889.13541666666,12
10624,102357.03125,12
10629,448182.65625,12
10637,274852.1458333333,9
10638,261211.09895833334,12
10644,281696.61805555556,9
10645,16092.333333333334,6
10649,79434.79259166667,12
10650,7799.6697875,12
10656,60252.375,12
10657,710494.3177083334,12
10658,,0
10667,254478.625,12
10682,25367.911458333332,12
10685,174335.61458333334,9
10691,2800315.2321428573,7
10693,3340765.8011363638,11
10696,5751515.8125,12
10709,25950.09375,8
10725,4664638.760416667,12
10731,,0
10745,23881.33203125,8
10749,53988.369791666664,12
10750,62343.6,5
10752,363811.4147727273,11
10755,82960.51041666667,12
10769,30209.869791666668,12
10777,581626.5520833334,12
10779,34834.6875,2
10780,52270.90625,12
10781,32182.372395833332,12
10785,200937.19270833334,12
10786,784204.09375,4
10790,529608.3125,3
10791,1616337.825,5
10812,449493.14728833333,12
10822,121288.0,5
10825,465994.21875,12
10828,72678.08333333333,12
10843,396243.4635416667,12
10853,62275.916666666664,3
10857,258806.25,2
10860,182397.984375,12
10863,93656.25,1
10866,205134.23958333334,12
10874,1631183.4635416667,12
10876,68365.8125,12
10881,51903.166666666664,3
10886,61333.0,3
10890,5869342.958333333,12
10892,120744.86979166667,12
10901,32175.041666666668,12
10902,244926.15625,5
10906,2087043.3541666667,12
10909,1228359.2291666667,12
10913,235455.27604166666,12
10916,141778.61979166666,12
10926,45746.725,10
10928,384348.5129166667,12
10932,1090520.796875,12
10933,1015918.0989583334,12
10935,62191.74628666666,12
10937,,0
10942,15053524.0,12
10952,5666.72032,3
10961,164768.3888725,12
10963,,0
10974,14793.333333333334,12
10977,19126.911458333332,12
10987,140518.5625,4
10989,16298455.722222222,9
10994,163664.9375,2
10999,348854.8697916667,12
11005,114904.62239583333,12
11006,101531.12760416667,12
11018,539040.3854166666,12
11038,208332.60416666666,12
11042,101058864.45833333,12
11043,112799.671,5
11048,,0
11054,113036.0,12
11055,8743.9375,2
11056,92228.58854166667,12
11072,281083.5,3
11077,994751.25,12
11081,99395951.96875,12
11082,22582.515625,8
11088,,0
11127,,0
11131,34442.856770833336,12
11138,46904.036458333336,12
11144,21889.947916666668,12
11154,731962.046875,12
11157,39948.447916666664,12
11159,230858.15104166666,12
11161,,0
11162,192494.61197916666,12
11170,2060727.9375,2
11174,44390.739583333336,6
11183,65906.19791666667,12
11187,137179.58854166666,12
11194,30592.813986666664,12
11197,108860.8359375,8
11198,258903.3,5
11203,171195.08333333334,12
11208,208266.77604166666,12
11214,77428.0,3
11216,67441.04947916667,12
11230,78911.57291666667,12
11246,119947.49479166667,12
11262,10182.985795454546,11
11267,233428.42708333334,12
11277,234669.95833333334,12
11278,174214.54166666666,12
11285,90411.84375,12
11291,452702.2135416667,12
11293,431535.5885416667,12
11306,52341.515625,12
11308,136999760.13541666,12
11318,31409.479166666668,12
11340,5312904.9875,10
11343,98476.13541666667,12
11347,1919089.6041666667,12
11348,48010.5,12
11353,415050.3783166667,12
11362,28792.25,1
11369,836923.6666666666,12
11371,1644586.5572916667,12
11373,9813.76171875,8
11378,264359.6510416667,12
11381,667681.4427083334,12
11382,1566093.4635416667,12
11384,528163.6197916666,12
11389,410342.8177083333,12
11393,69659.25892857143,7
11397,169042.69791666666,12
11402,,0
11403,5288345.385416667,12
11404,6980406.114583333,12
11406,526889.3645833334,12
11414,,0
11415,1677120.1927083333,12
11425,209933.23214285713,7
11426,133718.375,12
11441,14230.09375,10
11442,149287.57291666666,12
11449,83967.97916666667,12
11478,350869.9166666667,12
11481,94239.16071428571,7
11483,233067.272305,12
11484,,0
11485,114006.27604166667,12
11486,28998.125,1
11490,103242.38020833333,12
11493,52270.510416666664,12
11506,24231.5546875,12
11509,458161.203125,12
11510,32963.239583333336,12
11511,,0
11513,65985.54947916667,12
11522,667970.984375,8
11531,872829.28125,12
11533,636992.5364583334,12
11545,42717.125,2
11547,307969.5885416667,12
11552,3283882.6458333335,12
11565,,0
11574,124624.84895833333,12
11581,1172349.7232142857,7
11587,25473.125,12
11599,361832.921875,8
11600,1647949.9583333333,12
11607,3556130.9427083335,12
11614,120469.52083333333,3
11618,2103045.7135416665,12
11624,50354.020833333336,12
11625,7226.90625,12
11628,224471.796875,12
11631,135349.15104166666,12
11634,425000.5026041667,12
11638,19811.302083333332,12
11643,157855.03125,12
11644,243274.26388888888,9
11647,18785.734375,12
11652,32525.208333333332,12
11653,1143706.1180555555,9
11656,27324.3203125,8
11662,,0
11665,407176.171875,12
11671,94619.75,4
11674,4890430.645833333,12
11678,465132.9791666667,12
11689,194737.03125,1
11691,965442.4375,12
11701,102626.83854166667,12
11703,49686454.708333336,12
11705,27797.583333333332,12
11707,1034871.8333333334,12
11713,130701.39583333333,12
11723,467606.9479166667,12
11728,15784.61875,10
11731,333441.5,12
11739,,0
11745,13228.606770833334,12
11748,66561.96875,12
11750,123732.63020833333,12
11752,250541.18151000002,12
11754,16378360.901041666,12
11760,106853.40340909091,11
11761,2224726.375,12
11762,5205264.989583333,12
11775,46754.427083333336,12
11781,94980.64583333333,6
11785,162420.41145833334,12
11786,1880637.2260883332,12
11790,113967.07291666667,12
11796,45275.5,1
11803,78941.09375,8
11808,349943.5364583333,12
11823,417300.15625,12
11825,200251.640625,12
11839,14241.75,12
11844,190086.34375,12
11845,525646.9270833334,12
11847,14444.666666666666,12
11850,287213318.4010417,12
11851,64300.692708333336,12
11853,44568.125,6
11866,81022.359375,12
11873,87454.375,1
11874,,0
11884,94529.0625,12
11891,4382674.072916667,12
11895,418080.0546875,8
11896,18459153.265625,12
11898,,0
11899,27474.40625,12
11903,44669.175,10
11908,770924.5875,10
11910,75225.91666666667,3
11917,462304.06911999994,12
11923,40026.192708333336,12
11927,562845.0104166666,12
11938,158985.6875,12
11946,,0
11947,,0
11948,,0
11952,,0
11955,11843547.890625,12
11956,49917.6875,3
11970,5197529.6640625,12
11976,7690556.630185001,12
11983,9912425.114583334,12
11992,338059.9166666667,12
11995,284127.7291666667,12
11997,34128254.08626916,12
11998,502819.1614583333,12
12005,33029.0625,12
12008,1766588.0104166667,12
12010,49990.572916666664,12
12022,295774.1302083333,12
12031,55806.84375,12
12036,1846882.75,12
12052,11929215.015625,12
12060,509944001.09375,12
12062,2545432.1041666665,9
12063,354004.6614583333,12
12067,6452850.317708333,12
12068,1630914.7864583333,12
12072,295094.78125,12
12073,1272792.5345508333,12
12074,1429880.0677083333,12
12076,77558.47395833333,12
12079,40716823.057291664,12
12086,14287.515625,8
12099,124153.77083333333,12
12107,3405.03125,12
12117,88049.84375,4
12118,,0
12139,53382.682291666664,12
12140,3595305.0364583335,12
12146,,0
12149,238044.80625,10
12165,56445.3203125,12
12166,35092.25,2
12169,600479.6666666666,12
12171,329911.3125,1
12173,310511.78472222225,9
12174,168538.6484375,8
12175,77421.875,12
12177,,0
12189,28250.979166666668,12
12195,,0
12199,213234.02604166666,12
12202,84641.375,1
12209,26729.892045454544,11
12211,225400.02083333334,12
12214,47319.90625,2
12215,58193.49375,10
12217,140619.9375,12
12221,10471.382951428572,7
12226,73225.40104166667,12
12236,590275.5104166666,12
12248,30739.786458333332,12
12253,65778.2734375,12
12265,1304837.859375,12
12266,587662.5,2
12269,136408.65625,12
12275,6724.0625,3
12281,26629.75,12
12282,169632.4375,7
12319,1585944.7708333333,9
12320,92540.03125,12
12431,6765872.114583333,12
12458,271204.4166666667,12
12490,191735519.07291666,12
12491,39125.0,12
12503,2041526.8177083333,12
12504,94662.69791666667,12
12511,2405549.361111111,9
12546,2981336.738958333,12
12570,2835258.75,12
12650,4519037.140625,12
12749,3539733.8125,12
12781,390833.59375,12
13056,1011030.59375,12
13100,8475735.859375,12
13119,2631837.46875,12
13290,24901.864583333332,6
13303,942056.5520833334,12
13304,1155736.7152683332,12
13507,1609618.5729166667,12
13610,773796.125,12
13688,9425576.71875,12
13777,170288.5,6
13821,1187354.765625,12
13856,60298514.348958336,12
13901,64515531.786458336,12
13928,13359363.520833334,12
13936,259710.0,12
13987,10310.46875,12
14008,66758037.021555,12
14154,42521.375,3
14198,508971.1614583333,12
14219,214843.221875,10
14227,950394.7285216666,12
14277,42233960.44264334,12
14286,21256.283854166668,12
14322,11371496.839033334,12
14323,2158029.5052083335,12
14382,97867.37685833334,12
14461,33323.39087083333,12
14526,151276.6875,3
14541,55025792.09375,12
14593,14196399.239583334,12
14656,2470298.9583333335,12
14702,58835004.302083336,12
14736,29743219.666666668,12
14752,99904.28645833333,12
14761,,0
14795,980407.8697916666,12
14816,1202692.0677083333,12
14868,79085.671875,12
14891,7990860.890625,12
15035,356639.0729166667,12
15069,8023510.203125,12
15070,123254.72916666667,12
15077,3297911.140625,12
15202,4376829.838541667,12
15254,,0
15318,1713323.8568541668,12
15368,44607278.40625,4
15456,1574020.7864583333,12
15457,52128.684895833336,12
15472,7237196.916666667,12
15502,,0
15537,25838.796875,8
15553,1031098.0416666666,12
15560,9579084.255208334,12
15579,102877160.69270833,12
15617,58429.32142857143,7
15659,6657214.15625,12
15667,72263409.25,12
15720,7143471.151041667,12
15721,639907.24,12
15748,31731.588541666668,12
15991,77298.1875,1
16030,167991.66666666666,12
16117,1356677.3125,6
16126,71877.06770833333,12
16193,56025.54598375,8
16249,,0
16396,99811.09375,12
16417,43560.90625,12
16424,36104768.005208336,12
16432,3416714.813541667,12
16468,18446.153395,12
16505,3174826.9010416665,12
16548,1331372.0104166667,12
16555,683887.2291666666,12
16599,152897.296875,12
16600,5407368.234375,12
16644,241553.22916666666,12
16678,17405469.473958332,12
16715,89747.875,1
16890,526183.2952083334,12
16978,1154175.7552083333,12
16986,51567.8515625,12
17005,17195332.177083332,12
17057,,0
17073,,0
17137,153183.60416666666,12
17144,10737846.546875,12
17209,,0
17337,95007.17857142857,7
17444,86030.35416666667,12
17478,10904658.791666666,12
17523,44277.125,2
17559,101958.28977272728,11
17671,49458.239583333336,12
17726,1764536.6022727273,11
17743,683725.6979166666,12
17750,32709219.64708333,12
17770,92675.7890625,8
17778,78525933.33333333,12
17806,3636241.984375,12
17830,29728398.46875,12
17929,599024.6354166666,12
17961,873731.0288233333,12
17962,882781.7864583334,12
18016,1735507.9010416667,12
18033,659221.0,12
18075,107408.51041666667,12
18091,410100.2864583333,12
18092,5287864.005208333,12
18112,296675.8522727273,11
18148,81345.609375,8
18163,91863865.88020833,12
18198,187791.34375,4
18244,29078.26388888889,9
18382,60160435.526041664,12
18403,3805119.4791666665,12
18411,17658082.692708332,12
18438,105555.22916666667,12
18455,567874.4166666666,12
18542,13247102.041666666,12
18570,587532.8854166666,12
18622,1005335.9791666666,12
18649,832632.8541666666,12
18650,29411.4375,1
18681,5600006.703125,12
18729,32369353.178749997,12
18761,1610365.484375,12
18921,4177086.203125,4
18956,3153916.8333333335,12
18964,529090.3854166666,12
18973,631185.2239583334,12
19166,1899479.328125,12
19191,228019.09306363633,11
19271,122115.95833333333,12
19289,148096.515625,12
19350,9066632.833333334,12
19393,116746776.3125,12
19502,33809759.75,12
19546,795913.7291666666,12
19561,45557380.776041664,12
19596,2511412.5729166665,12
19677,,0
19692,695822.6041666666,9
19721,2340891.9375,12
19828,434605.1354166667,12
19845,13801.95625,10
19852,151387.95833333334,12
19880,1726657.4427083333,12
19888,3507826.098214286,7
19895,3040245.859375,12
19916,24087078.897727273,11
19933,73186.5,6
19968,73046.50520833333,12
19975,54288.28125,2
19992,151783.53125,12
20053,5654494.901041667,12
20088,1628680.2395833333,6
20117,2678731.8776041665,12
20124,21220364.848958332,12
20125,834018.953125,12
20204,1487804.71875,12
20220,3201619.28125,12
20248,186840.4375,12
20299,40641.0,12
20336,28851.180555555555,9
20395,401294.015625,12
20415,1415714.4947916667,12
20459,126410.62943454547,11
20482,66222263.552083336,12
20504,52273.25,1
20512,255724.08152749998,12
20539,571605.9635416666,12
20547,108705.1875,1
20571,74791.18229166667,12
20598,64938.0,1
20618,586323.4375,12
20626,22118377.255208332,12
20670,382030.9010416667,12
20678,419957.83125,10
20693,,0
20694,4224181.770833333,12
20723,1125124.8515625,12
20750,366302.5104166667,12
20765,354914.9010416667,12
20853,7933458.368055556,9
20917,66290.85677083333,12
21004,63938291.708333336,6
21020,5373183.755208333,12
21055,339651.5208333333,12
21135,722743.2604166666,12
21143,519806.90625,6
21152,964221.234375,12
21178,11250353.331666669,12
21186,2855468.421875,12
21207,3254314.9270833335,12
21231,1211598.9322916667,12
21259,214951.40625,12
21282,1831939.2447916667,12
21290,1639610.84375,4
21291,131886.18229166666,12
21338,820974.6805555555,9
21370,1834207.6302083333,12
21371,20092096.609375,12
21397,5830383.95,5
21573,15612447.359375,12
21726,145681.25,12
21742,580270.3854166666,12
21776,10271841.127083333,12
21792,9371269.322916666,12
21821,,0
21928,1488934.8020833333,12
21936,225819923.84375,12
21960,405012.375,12
21979,3358475.1458333335,12
22023,,0
22032,2283760.6302083335,12
22066,871771.671875,12
22103,26681685.40625,12
22111,124952129.765625,12
22163,61466.296875,4
22198,96777.1796875,12
22293,62842749.3125,12
22323,,0
22374,70055.03645833333,12
22382,6539.5,2
22430,146933.25715454546,11
22437,593986.9583333334,12
22496,4822188.698863637,11
22509,8060826.041666667,12
22517,4380968.3125,12
22541,3652727.4114583335,12
22569,85833.80764583334,12
22592,36898957.338541664,12
22613,3596310.6256142855,7
22673,29668.278125,10
22680,529395.203125,12
22752,176184772.125,12
22753,591290.0286458334,12
22779,74246723.42708333,12
22825,33381.720584999995,12
22840,16715289.505208334,12
22859,3498546.7135416665,12
22905,116946.73863636363,11
22913,35370.96875,6
22921,253339.23958333334,12
22947,4406083.510416667,12
23026,5745397.510416667,12
23034,,0
23035,104766.92857142857,7
23042,420683.0833333333,12
23077,13758280.052083334,12
23085,2774095.53125,12
23114,6071740.307291667,12
23115,199187.03125,6
23182,92505.52604166667,12
23229,2802431.90625,12
23297,2071324.8072916667,12
23309,3398233.9166666665,12
23317,54473197.46875,12
23318,8378067.489583333,12
23326,747881.2864583334,12
23393,727157.0885416666,12
23473,5811003.020116667,12
23499,3159064.6875,2
23501,2771523.6218749997,12
23536,2439589.7604166665,12
23537,50991.796875,12
23544,2395467.328125,12
23552,89120.6640625,8
23553,26867.9140625,12
23579,8070647.026041667,12
23660,6941669.716145833,12
23712,8052818.442708333,12
23720,3058956.25,1
23799,150741.921875,12
23819,18971957.447916668,12
23827,3013516.647727273,11
23835,1508521.34375,12
23851,4111464.125152,5
23887,4021015.03125,12
23915,5512036.447916667,12
23916,1681652.90625,12
23931,5636042.567708333,12
23975,462117.5208333333,12
23990,7484876.96875,12
24002,1475845.265625,12
24010,6954135.489583333,12
24029,,0
24046,28716825.364583332,12
24053,1268243.0260416667,12
24096,2498786.0625,12
24109,8043032.671875,12
24184,2439439.1197916665,12
24205,9532639.59375,12
24221,5490663.098958333,12
24248,1467091.5677083333,12
24256,3834254.3125,12
24264,7157832.744791667,12
24272,2372783.765625,12
24299,533174.4375,3
24328,1674856.34375,12
24360,4295013.135416667,12
24379,880515.328125,12
24432,1562679.21875,12
24440,1578559.6822916667,12
24459,10174074.838541666,12
24467,172013.72916666666,12
24476,1493538.2760416667,12
24539,9520416.359375,12
24548,446873.3307291667,12
24563,9369963.520833334,12
24572,44548.4375,5
24628,1080373.5104166667,12
24643,25486120.270833332,12
24678,89458551.175,5
24766,5032972.916666667,12
24803,2457856.9739583335,12
24811,715214.4140625,8
24935,,0
24942,6045704.552083333,12
24951,139813.85416666666,12
24969,1091792.5104166667,12
24985,5140559.869791667,12
25013,67054334.171875,12
25022,918667.1979166666,12
25072,2645223.2239583335,12
25073,118545.1,5
25080,69531.984375,12
25081,7802490.71875,12
25099,797095.96875,12
25129,2090475.734375,12
25217,275132.9375,3
25232,929758.484375,12
25267,49557531.958333336,12
25304,1025533.5520833334,12
25320,12373146.770833334,12
25348,866239.0885416666,12
25419,3576705.2135416665,12
25443,2009437.7760416667,12
25452,120835.8125,12
25487,10013112.442708334,12
25582,2195539.1666666665,12
25590,1989986.5677083333,12
25612,95212.67857142857,7
25769,5500770.333333333,12
25778,24302411.197916668,12
25785,50116710.375,12
25786,41861.8125,1
25953,8973776.234375,12
25961,583018.75,2
25989,101008.875,12
26009,1024081.7604166666,12
26060,6683.989583333333,12
26075,1667247.446386,10
26083,2513896.0364583335,12
26084,198131.89285714287,7
26112,6178173.661458333,12
26163,1113346.671875,12
26201,102872.49479166667,12
26252,424085.0486111111,9
26294,2214751.5729166665,12
26331,,0
26332,6199426.330869167,12
26374,768975.4427083334,12
26382,2349937.90625,12
26403,77070186.140625,12
26438,753869.4114583334,12
26463,141730.21875,12
26470,701683.6354166666,12
26518,2863062.5625,12
26535,78362.46875,12
26586,3349822.875,8
26606,2100568.0625,12
26607,258374.86458333334,12
26614,318631.7604166667,12
26649,154550.0,12
26650,71310.140625,12
26657,602597.875,12
26710,7066232.46875,12
26753,,0
26825,10451461.119791666,12
27043,1444198.5572916667,12
27204,,0
27254,146389.59375,12
27334,1241118.6510416667,12
27422,254293.61979166666,12
27430,847362.1510416666,12
27431,55565.390625,12
27449,,0
27474,89674.4609375,12
27511,1281986.4791666667,12
27562,798077.0677083334,12
27617,14295.292556666667,12
27618,304956.96875,12
27633,1194659.0677083333,12
27677,19580.75,6
27684,2580209.5,12
27705,2671523.46875,12
27713,18292611.145833332,12
27748,1518205.8854166667,12
27756,1745611.9635416667,12
27764,274354.0208333333,12
27780,527846.0052083334,12
27802,,0
27828,108151488.60416667,12
27887,21441340.354166668,12
27888,1524838.7864583333,12
27909,65270.09821428572,7
27959,24952846.083333332,12
27983,12369263.931818182,11
27991,3252605.015625,12
28063,92221.53125,10
28118,274454.5625,12
28222,7619614.0625,12
28223,64464.0,2
28302,731007.03125,12
28303,314.19444444444446,9
28310,28331712.458333332,12
28311,,0
28345,2678057.8489583335,12
28353,7236454.65625,12
28388,3049246.8333333335,12
28484,5649417.796875,12
28564,1399682.7083333333,12
28725,51056.52777777778,9
28804,741221.6979166666,12
28840,523771.75,12
28847,2236002.5208333335,12
28952,138160.84895833334,12
29014,252783.59375,12
29050,52831.177083333336,12
29058,64233.520833333336,12
29073,108529.33374999999,10
29102,6283327.1570833335,12
29103,,0
29111,172137.60416666666,12
29145,149615.078125,12
29209,3106710.921875,12
29210,69305.6,10
29285,39665.203125,12
29532,138123.7625,10
29560,67935.34375,12
29576,9077.515625,4
29612,358357.0885416667,12
29621,25602.151041666668,12
29647,35753617.432291664,12
29736,100173.39772727272,11
29744,44274.375,1
29752,508994.1510416667,12
29787,19170.5625,2
29867,245162.5,1
29890,72494593.00520833,12
29938,1591773.3541666667,12
29946,2220689.9322916665,12
30147,684683.4114583334,12
30197,86850.81597222222,9
30250,318577.171875,12
30277,3250856.2708333335,12
30307,19293.5,1
30382,5901858.90625,12
30402,151696.640625,12
30411,49388.1875,4
30437,545800.4010416666,12
30509,22632.005208333332,12
30534,137769.41666666666,12
30593,28638.0625,2
30648,564546.5625,12
30672,1244682.5520833333,12
30680,378193.609375,12
30681,15392091.526041666,12
30728,573576.75,3
30737,390119.9635416667,12
30744,43629.921875,12
30761,144948.94270833334,12
30780,646085.1614691666,12
30840,32610.994791666668,12
30940,618594.109375,12
31035,,0
31042,41571.713541666664,12
31069,,0
31070,59034.796875,12
31077,213350.484375,12
31078,35520.669270833336,12
31238,104396.91666666667,12
31318,29844.973958333332,12
31325,1809616.7395833333,12
31457,,0
31472,323904.5208333333,6
31480,51636.885416666664,12
31500,1672479.2447916667,12
31552,81004.296875,12
31691,15903.135416666666,12
31799,12551266.59375,12
31974,639690.0802083333,12
32046,296007.796875,12
32054,1154038.6744791667,12
32062,10285.875,1
32096,123937.95833333333,12
32110,145029.97916666666,12
32222,35381.729166666664,3
32281,575077.94375,10
32379,1741499.9745066667,12
32540,3699024.2916666665,12
32548,,0
32619,5657.614583333333,12
32636,398556.453125,12
32678,130577.75520833333,12
32687,,0
32707,1681604.96875,12
32791,4631658.364583333,12
32803,102926.61458333333,12
32839,29781.901041666668,12
32870,2412208.609375,12
32934,251973.22395833334,12
32942,1334417.5520833333,12
32943,195018.5625,10
32986,639571.7291666666,12
33072,1168629.5260416667,12
33099,10205941.952708334,12
33137,2071134.53125,12
33188,67967.109375,12
33209,1340697.4791666667,12
33267,,0
33372,49062.52840909091,11
33452,28305614.270833332,12
33532,41202.916666666664,12
33567,,0
33603,146544.45833333334,12
33612,77125.8671875,12
33647,436440.7473958333,12
33690,576807.5572916666,12
33770,,0
33849,56451.635416666664,12
33882,586245.90625,12
33937,34584.520833333336,12
34032,9009300.963541666,12
34067,159654.078125,12
34121,83980.34895833333,12
34228,28699.698677999997,5
34287,79467.58333333333,9
34367,340190.6875,12
34404,106137.296875,4
34463,43364.864583333336,12
34497,223039.48958333334,12
34498,692934.671875,12
34578,,0
34630,36762.6,5
34649,154512.0625,12
34666,,0
34673,588897.0104166666,12
34746,21520654.40625,12
34817,3362006.9114583335,12
34818,182985.05208333334,12
34825,,0
34833,7750017.067708333,12
34841,614360.1041666666,12
34869,46850.8984375,12
34936,50576.291666666664,9
34938,2979.777777777778,9
34939,14515.253472222223,9
34948,134249.85416666666,12
34981,365990.5625,4
35044,4955729.572916667,12
35051,2544839.1979166665,12
35107,391178.5520833333,12
35124,1128257.625,12
35167,1833770.0414716667,12
35238,341582.5390625,8
35263,1278406.3125,12
35503,204457.36458333334,12
35553,3016.203125,12
35554,3683481.6126249996,12
35561,19936.864583333332,12
35617,242836.8046875,8
35685,807636.921875,12
35705,27484.359375,12
35781,1330662.9010416667,12
35829,260137.47916666666,12
35916,53166.84375,12
35917,1036514.5859375,12
35940,843933.23125,10
35991,491915.5364583333,12
36003,479490.21875,12
36127,21291007.145833332,12
36178,110744.678125,10
36257,48756.953125,12
36274,3279741.576388889,9
36281,263965.0,12
36346,358825.6510416667,12
36397,2788802.0989583335,12
36468,3588977.9947916665,12
36469,29695451.536458332,12
36709,11746.190769166666,12
36768,76464.90625,12
36783,178485.9375,1
36898,202322.71354166666,12
37022,21843.25,2
37023,43745.213541666664,12
37058,161059.56770833334,12
37161,2998662.1822916665,12
37196,141204.51388888888,9
37217,159470.975,12
37226,766844.6875,2
37234,722872.2447916666,12
37277,46260.6796875,8
37284,326240.7395833333,12
37399,72277.50260416667,12
37460,6192.854166666667,6
37541,8628.458333333334,3
37560,11552.8125,12
37568,367645.9479166667,12
37584,8672970.210416667,12
37699,476239.21875,4
37807,1359602.4425000001,12
37867,146616.65625,12
37875,585159.19859,12
37955,481187.0769516667,12
38033,79083.31770833333,12
38085,1701188.859375,4
38093,1717180.3541666667,12
38149,71045.375,3
38156,18097076.052083332,12
38333,104273.66145833333,12
38420,1173714.2395833333,12
38471,,0
38578,1260276.2239583333,12
38608,37282.330729166664,12
38658,1196880.2083333333,12
38659,1963950.921875,12
38682,2800602.0937633333,12
38703,71694227.078125,12
38746,39903.72321428572,7
38762,2573157.7083333335,12
38790,,0
38850,180869.19270833334,12
38893,13098933.1875,12
38906,1767688.3333333333,12
38914,3235551.78125,12
38973,1842604.921875,12
38982,133213.84375,2
39029,40460.778645833336,12
39045,65033.890625,8
39087,34877850.838541664,12
39220,129881.01041666667,12
39239,158632.17708333334,12
39240,,0
39256,,0
39301,,0
39379,,0
39482,48388.723958333336,12
39490,6312443.869791667,12
39538,5016648.844166667,12
39562,365840.1614583333,12
39571,682965.0677083334,12
39642,7389396.34375,12
39693,324494.5052083333,12
39731,88421.22395833333,12
39757,195837.87760416666,12
39765,296326.5729166667,12
39766,20790.627604166668,12
39917,10970529.921875,12
40061,2946406.109375,12
40062,153599.615625,10
40097,528032.28125,12
40125,12650331.869791666,12
40272,2793936.3333333335,12
40299,451049.70937500003,12
40345,113486.515625,12
40416,9389509.90625,12
40440,1973262.9322916667,12
40468,19278.901041666668,12
40483,93882191.35000001,12
40539,6190439.234375,12
40540,64460.17124833333,12
40572,32119.983333333334,12
40644,911311.525,5
40694,635324.953125,12
40695,,0
40707,855666.5104166666,12
40838,2566084.1925,12
41005,2078872.203125,12
41014,463021.3541666667,9
41064,1178636.1875,7
41072,527523.25,12
41080,1414390.15625,12
41100,947299.11875,10
41187,1078798.0625,12
41188,32698.703125,8
41217,173708.32291666666,12
41241,84320.47916666667,12
41260,54833.333333333336,12
41292,68203.125,6
41320,60231.489583333336,12
41355,4599966.645833333,12
41371,120127.50520833333,12
41419,301619.85714285716,7
41443,19260689.442708332,12
41444,16077.1875,8
41452,186173.8875,10
41487,898946.6747533333,12
41574,31221.645833333332,9
41663,100177.84375,12
41726,2029259.3125,12
41807,1818997.9010416667,12
41823,4984.4375,5
41929,1315100.7916666667,12
42024,1730642.5052083333,12
42059,1519754.5260416667,12
42067,175823.390625,4
42083,963305.6458333334,12
42104,804985.859375,4
42112,69592.375,2
42140,515081.484375,12
42200,3774840.4114583335,12
42219,91136.71020833333,12
42286,467791.9427083333,12
42307,255443.94791666666,12
42358,20670.34375,12
42438,1262471.989,10
42439,1449218.0364583333,12
42455,770538.9187500001,12
42534,4707792.578125,12
42585,383926.04270833335,12
42607,,0
42614,62859.036458333336,12
42710,936031.2421875,8
42796,1221472.4375,12
42877,499580.703125,12
42893,,0
42906,4155264.75,12
42981,46432.545454545456,11
43028,26556.24981416667,12
43123,1680286.1596683331,12
43167,28443.6484375,8
43238,504933.2890625,8
43334,44482.86799777778,9
43350,2297511.2708333335,12
43449,44655034.494791664,12
43481,221864.875,12
43553,3022671.99875,12
43588,196853.08854166666,12
43610,23335748.588541668,12
43617,410766.7916666667,9
43692,5124.50625,10
43705,7741.5,4
43706,993502.5833333334,12
43721,1274963.546875,12
43757,975810.9427083334,12
43772,1731679.9270833333,12
43837,86344.296875,12
43861,28797.703125,4
43880,39289.875,7
44062,362134.796875,12
44134,808894.4479166666,12
44150,80836.2890625,8
44185,443301.875,12
44194,197586.0,8
44206,3110804.34375,12
44230,26338.231770833332,12
44274,794192.9739583334,12
44329,1352722.1302083333,12
44330,2328.0416666666665,12
44353,46673.177083333336,12
44506,5213220.682291667,12
44513,1348982.40625,12
44565,138880.625,1
44599,634793.25,3
44601,6523798.989583333,12
44637,470490.9921875,12
44644,35211332.536458336,12
44688,92238.703125,12
44725,79116.13020833333,12
44740,468873.5260416667,12
44768,341140.4583333333,6
44776,113236.3828125,8
44792,320200.875,12
44813,138521.9375,2
44821,236657.36458333334,12
44943,158159.84895833334,12
44951,2355494.0729166665,12
44986,1325705.3541666667,12
45110,78870.0625,12
45129,312667.7239583333,12
45137,51963.770833333336,12
45225,1326149.5885416667,12
45241,8690535.067708334,12
45277,2180097.9635416665,12
45306,911445.7057291666,12
45313,276369.859375,12
45348,36871.416666666664,12
45356,85518923.53645833,12
45428,4586718.958333333,12
45437,49542.372395833336,12
45487,46976.5875,10
45495,2506469.5625,12
45560,96363.05208333333,12
45583,74601.95833333333,12
45647,,0
45655,357373.40625,12
45671,9406456.885416666,12
45728,767416.5364583334,12
45751,29928532.098958332,12
45794,3572030.9427083335,12
45823,,0
45866,155959.2,5
45874,1142890.0390625,8
45890,73835.421875,12
45911,1853604.6041666667,12
45955,359462.3958333333,3
46026,24525.833333333332,9
46034,63468.0546875,12
46042,14982.0,10
46068,37330.515625,12
46076,10454.885416666666,12
46077,955488.0833333334,12
46085,163086.68229166666,12
46149,474414.4791666667,12
46181,92859.50568181818,11
46228,4280056.59375,12
46229,59268.2221125,12
46237,31155.71875,4
46295,452268.6458333333,12
46309,11109.84090909091,11
46340,3659962.484375,12
46392,1203242.140625,12
46420,273921.0,1
46463,211640.97916666666,12
46527,104900.78125,2
46578,9497567.953125,12
46674,3912172.8020833335,12
46690,1838481.4947916667,12
46703,2306413.46875,12
46739,310934.3125,2
46747,2424924.71875,2
46762,168272.525,5
46843,16865.256213333334,12
46850,8165349.857954546,11
46870,478162.66071428574,7
46877,2281494.1666666665,12
46886,10149704.520833334,12
46893,445170.46875,12
46907,13650.0,1
46922,1645265.3125,6
46923,29033.020833333332,6
46931,41855.736979166664,12
46950,233068.16145833334,12
47002,261949.03125,12
47036,24242.390625,12
47088,372270.0182291667,12
47133,322995.9791666667,3
47141,462043.609375,12
47159,32627146.651041668,12
47175,6637417.390625,12
47205,707175.9010416666,12
47248,1436131.8195833333,12
47271,544099.078125,12
47379,767355.5885416666,12
47387,100601.05729166667,12
47466,6774186.197916667,12
47490,563504.734375,12
47511,121842.125,12
47571,29036.963541666668,12
47626,6461995.130208333,12
47642,360045.640625,12
47677,5943610.442708333,12
47706,873103.2604166666,12
47707,88246.0625,12
47715,384095.3020833333,12
47723,,0
47730,579824.8229166666,12
47773,212480.86979166666,12
47802,714268.5520833334,12
47861,62061.984375,12
47862,40524.4296875,8
47888,265876.9322916667,12
47896,61856139.098958336,12
47897,47854.078125,12
47941,16358542.036458334,12
47969,32543.484375,12
48071,22543447.75,12
48072,42835.375,12
48143,59972.635416666664,12
48144,1127739.2552083333,12
48267,13048242.877083333,12
48274,1643275.328125,12
48282,126612.125,2
48291,1256446.7386366667,12
48347,933945.3333333334,12
48371,,0
48389,497142.0833333333,12
48397,16783814.333333332,12
48485,6679288.375,12
48486,3943644.5104166665,12
48506,4642585.520833333,12
48514,1014350.46875,4
48523,999364.6145833334,12
48531,297122.8671875,12
48565,443129.359375,4
48653,1546331.0625,11
48696,1545502.1354166667,12
48709,,0
48725,10437728.875,12
48901,237817.1093583333,12
48960,4050133.78125,12
48961,244652.421875,12
49015,7925804.145833333,12
49031,1697376.7239583333,12
49083,,0
49138,32250.2125,10
49154,27022891.895833332,12
49189,,0
49227,132278.22395833334,12
49322,151267.69791666666,12
49330,364552.0625,12
49373,3620664.6666666665,12
49429,1281799.2708333333,12
49437,2166091.3875,10
49488,,0
49496,19514.0,3
49534,76667.84375,12
49585,508302.4375,11
49656,35229205.572916664,12
49680,7601703.447916667,12
49744,1025949.046875,12
49745,46463.859225,12
49752,222586.81770833334,12
49817,193399.13541666666,12
49905,2210103.6822916665,12
49955,,0
49971,928502.1041666666,12
50017,300135.0,1
50032,11840906.59375,12
50091,142964.71875,12
50092,664847.2239583334,12
50200,11939947.515625,12
50227,10054688.911458334,12
50243,12325.625,1
50278,226216.22916666666,12
50279,40145.4,5
50286,857405.0989583334,12
50374,6702.020833333333,9
50390,,0
50585,38933.223958333336,12
50606,2067871.3697916667,12
50623,145865.06770833334,12
50666,763523.2395833334,12
50702,232899.27083333334,12
50788,286603.7552083333,12
50789,326627.921875,12
50876,91039690.61979167,12
50905,419740.953125,12
50906,19381731.070670832,12
50948,2251686.1984800003,12
50972,1128392.5979166667,12
51043,64623174.479166664,12
51086,326757.53125,12
51087,19263.932291666668,12
51131,6164629.427083333,12
51254,288754.9270833333,6
51263,675752.765625,12
51318,748894.8913675001,12
51369,11017329.286458334,12
51377,7977625.958333333,12
51423,211708.75520833334,12
51457,793982.5833333334,12
51530,36515.625,12
51588,5237880.890625,12
51596,4084400.1197916665,12
51625,1394333.125,1
51633,1071354.203125,12
51692,1038999.40625,12
51693,61843.171875,12
51706,5000230.975208334,12
51721,779944.9010416666,12
51800,606146.9375,10
51829,718595.3359375,12
51916,188064.77083333334,12
51925,151846.734375,12
51932,497975.953125,12
51933,24777.098958333332,12
51960,146500.21354166666,12
51984,21592.393229166668,12
52038,14455161.661458334,12
52039,79138.296875,12
52071,24234.166666666668,3
52090,1883803.7239583333,12
52214,184022.05208333334,12
52230,5059948.893673333,12
52231,512983.38125,10
52250,,0
52265,1881150.9895833333,12
52329,941572.3020833334,12
52337,9585695.489583334,12
52345,245625.0,12
52396,783699.2239583334,12
52425,656545.1510416666,12
52476,3751032.9114583335,12
52484,46503.453125,12
52565,,0
52679,138468.484375,12
52695,3523558.5208333335,12
52708,1229644.9791666667,12
52716,2359812.0989583335,12
52740,9463.267857142857,7
52775,693011.0,1
52792,511407.1927083333,12
52804,,0
52813,1247877.984375,12
52840,2301097.85663,12
52872,349925.9791666667,12
52898,937801.984375,12
52919,45556305.0,12
52936,1597557.5,12
52978,2402489.3854166665,12
53015,28468.385416666668,12
53065,12334882.114583334,12
53074,21069.95535714286,7
53082,227884.22395833334,12
53110,96170.23958333333,12
53129,294711.0260416667,12
53137,,0
53189,47331.583333333336,12
53196,71818.01041666667,12
53197,1414789.6641166667,12
53225,4118034.3541666665,12
53268,,0
53372,266752.578125,12
53373,213143.9875,10
53381,1129117.9375,12
53453,137361.625,9
53479,7068149.046875,12
53480,541623.4375,12
53575,83660.1875,8
53604,142775.91666666666,12
53612,804495.984375,12
53613,29909122.848958332,12
53639,166888.46875,4
53640,395717.03342,12
53656,41132.0,1
53663,667996.0677083334,12
53727,1114771.9635416667,12
53815,63475.53125,12
53831,1616720.6432333335,12
53832,264686.8854166667,12
53859,146121.83854166666,12
53866,3241407.4270833335,12
53946,16627.604166666668,12
54084,13100.1796875,8
54114,2108608.6197916665,12
54148,1111922.109375,12
54181,2694463.8385416665,12
54199,351602.34375,12
54228,63741.854166666664,12
54245,48883.89772727273,11
54253,300773.703125,12
54279,950593.8541666666,12
54324,71165.66666666667,3
54391,3649614.375,12
54412,1970744.0572916667,12
54463,7753876.015625,10
54543,172872.03125,2
54579,24521.416666666668,12
54594,379570.7604166667,12
54624,95164.21875,12
54631,48714.520833333336,12
54675,35099.563721666666,12
54690,5693053.661458333,12
54704,731870.3403250001,12
54711,79919.921875,12
54770,156910.95,5
54771,,0
54798,449147.19695666665,12
54818,572024.7864583334,12
54827,4765503.027986667,12
54973,81556.75,12
55001,859068.3125,12
55029,43031.55,5
55044,42374.020833333336,12
55125,143222.0625,1
55160,46694.494791666664,12
55191,1472031.7291666667,12
55212,3671265.8958333335,12
55213,719047.46875,12
55319,99112.57142857143,7
55328,,0
55336,18026.34375,12
55466,218980.1875,2
55467,31441.1875,12
55511,798185.9947916666,12
55546,68923.57291666667,12
55554,12566.178977272728,11
55589,,0
55597,304118.8125,12
55634,7899.390625,12
55678,37252.526041666664,12
55781,266235.5,12
55782,286517.53125,12
55976,235028212.64583334,12
55985,7231.25,2
56040,108454.859375,12
56063,193687.28645833334,12
56101,1077176.9016666666,6
56119,291194.0,1
56143,251159.21875,12
56216,135971.13541666666,12
56223,1128011.125,12
56232,12717645.104166666,12
56274,10580616.932291666,12
56275,3110308.0572916665,12
56339,1690365.6328125,8
56363,984061.5833333334,12
56557,61765.833333333336,3
56565,186516.53125,12
56573,17201763.864583332,12
56581,93069.53125,12
56602,43069.135416666664,12
56610,73866.9625,5
56611,369243.19748499995,12
56630,209623.11458333334,12
56653,47386.083333333336,12
56696,142525.045,12
56710,28660.854166666668,12
56733,8859.920454545454,11
56741,180188.96354166666,12
56784,660232.1041666666,12
56813,72004.79166666667,12
56822,257687.375,12
56856,57208.713541666664,12
56936,144360.109375,12
56937,732458.503125,10
56945,132267.109375,12
56952,185463.95833333334,12
56979,80460.5,12
56987,84648.13541666667,12
57007,292255.22020833334,12
57015,,0
57066,432265.2864583333,12
57067,99384.359375,12
57074,118242.71875,12
57082,165908.38541666666,12
57103,115143.27083333333,12
57104,,0
57146,156828.1125,10
57154,476496.57916666666,12
57251,40853.875,10
57286,239669.91145833334,12
57293,32643.510416666668,12
57330,58122.354166666664,12
57365,38212.591145833336,12
57410,71808.72395833333,12
57437,463986.46875,12
57446,140532.296875,12
57509,47112.135416666664,6
57534,2484486.362085,12
57568,1013118.1197916666,12
57584,42574.92416666667,12
57665,7211559.453125,12
57681,88777.625,12
57745,25983.849204,10
57780,62422.37520583333,12
57808,3817820.015625,12
57809,828747.0416666666,12
57817,2751706.1927083335,12
57884,76622.859375,4
57904,14545043.567708334,12
57913,265690.08347333333,9
58077,80909.10416666667,6
58094,3094707.265625,12
58114,75348.33854166667,12
58246,16291909.614583334,12
58318,422997.7083333333,12
58334,562780.640625,12
58393,3870113.7578125,8
58406,512821.3541666667,12
58413,791113.5520833334,12
58464,1254033.4166666667,12
58473,50899.631944444445,9
58501,63320.9375,6
58560,30559.28125,10
58608,75005.65104166667,12
58625,678408.84375,12
58640,164114522.95052084,12
58675,510199.20535714284,7
58683,11614033.716041667,12
58755,650346.296875,12
58771,359753.96479166666,12
58772,44860.78125,1
58799,28147.125,1
58819,2308636.6302083335,12
58836,35943.25,6
58886,53359.234375,12
58975,398818.125,12
58990,4296294.302083333,12
59010,28385586.526041668,12
59045,498544.8020833333,12
59089,315164.36568833335,12
59110,114578.45833333333,12
59126,657305.84925,12
59176,72436322.34375,12
59184,35506860.390625,12
59185,37414.2734375,12
59192,12390548.453125,12
59222,18084.5884225,12
59248,2112122.0833333335,12
59300,1078605.3385416667,12
59301,3071636.3333333335,6
59328,369109614.5833333,12
59344,22730.375,12
59345,4154226.390625,12
59379,19523614.4375,12
59396,2380201.140625,12
59408,80480107.578125,12
59424,24414.505208333332,12
59440,3190480.28125,12
59459,8885190.635416666,12
59467,53245.9375,4
59483,415191.53595666663,12
59504,496306.5833333333,12
59555,344540.921875,12
59600,46126.770833333336,12
59619,969860.25,12
59627,126278.953125,12
59628,33182.53125,12
59767,5402202.375,1
59774,153476.453125,12
59943,20354.8125,4
60055,41724.375,5
60063,118414.66145833333,12
60090,566289.609375,12
60097,61986973.734375,12
60098,522226.5,12
60169,327275.125,8
60186,450223.7604166667,12
60206,1549665.7552083333,12
60273,16488.5625,2
60353,30964.0625,2
60354,103537.75,2
60441,3392619.9875,5
60442,15874802.979166666,12
60468,13620.197916666666,12
60506,3370630.3645833335,12
60548,61238.5875,12
60580,412945.7083333333,12
60599,4493547.796875,12
60628,11638229.46625,12
60687,1426649.484375,12
60695,998762.75,12
60709,,0
60871,25183700.109375,12
60898,28172.161458333332,12
60943,3548690.8802083335,12
60986,6592361.145833333,12
61065,3382923.6875,12
61081,1096134.75,1
61138,188589.35,10
61145,57578.645833333336,12
61146,46768.3125,2
61188,606975.046875,12
61209,64523.01388888889,9
61217,1237395.3802083333,12
61241,8637527.932291666,12
61269,89976.53409090909,11
61313,1021088.234375,12
61322,146295.72395833334,12
61399,17536060.052083332,12
61487,54504.46875,12
61496,36777.140625,12
61508,66148.18958333334,12
61516,267415.11693333334,12
61524,3807070.6510416665,12
61532,44482.822916666664,12
61540,,0
61567,373142.0625,10
61583,5486263.158606,10
61621,15985254.255208334,12
61663,4313439.026041667,12
61698,116698.359375,8
61700,26948.625,1
61735,8351580.932291667,12
61743,1741277.8172916668,12
61778,1068168.96875,12
61787,22348.494791666668,12
61807,183517.41145833334,12
61815,1930517.3854166667,12
61882,1136739.5833333333,3
61938,1292275.2239583333,12
61946,598906.0572916666,12
61955,193500.21354166666,12
62033,51034.8125,12
62034,1574734.2552083333,12
62042,122222.46354166667,12
62068,383366.5625,12
62092,3751657.1145833335,12
62148,5211045.265625,12
62200,38593.9375,2
62228,167329.05875,12
62260,305702.0,12
62287,90762.1,10
62295,,0
62296,45678.333333333336,12
62308,3594644.1927083335,12
62324,514156.3125,1
62341,92907.22321428571,7
62359,266059.7083333333,6
62367,156316.79166666666,12
62368,30923.020695,12
62376,26319.840845833332,12
62383,330016.421875,12
62391,484539.3958333333,12
62498,351035.7864583333,12
62500,981200.5371933334,12
62519,4554739.020833333,12
62552,317968.0,1
62607,188571.58035714287,7
62690,2273333.59375,12
62770,5993888.0625,12
62790,87785.9375,3
62797,55971.932291666664,12
62834,2233625.59375,12
62843,192092.21354166666,12
62885,112898.45,10
62922,76987.08333333333,12
62930,787856.5885416666,12
62949,2165618.453125,12
62958,33420.744791666664,12
63044,758138.5625,4
63060,2353311.234375,12
63079,874143.2083333334,12
63088,893517.1979166666,9
63125,422213.81076666666,12
63132,113461.15625,12
63159,52339.953125,4
63220,945351.9739583334,12
63240,289954.3645833333,12
63263,518048.421875,12
63335,,0
63344,139036.84375,2
63467,705305.25,12
63483,449024.36363636365,11
63503,126626.57291666667,12
63511,55136.270833333336,12
63546,173392.39583333334,12
63554,1092654.5885416667,12
63562,1026084.3333333334,3
63686,127720.5913890909,11
63706,135548.24479166666,12
63714,1284857.8125,12
63715,100987.76041666667,12
63765,194391.390625,12
63773,5638473.302083333,12
63781,450837.9583333333,12
63811,694832.1354166666,12
63830,1380111.5677083333,12
63837,37470.921875,10
63976,46417.583333333336,12
63977,452236.12204166665,12
64004,44007.479166666664,9
64020,178595.68181818182,11
64063,757081.875,2
64071,592109.6796875,8
64135,472433.5677083333,12
64152,325623.4895833333,12
64186,15886897.053125,12
64194,307723.4010416667,12
64195,85470.28121333334,12
64231,1664131.7395833333,12
64275,105278.66145833333,12
64282,8793177.229166666,12
64290,366382.203125,12
64311,5941168.244791667,12
64362,78203.52604166667,12
64390,5801799.416666667,12
64418,429416.8125,1
64450,706331.5833333334,12
64451,3031907.265625,12
64477,610117.875,1
64486,1749269.796875,12
64514,227319.83333333334,12
64515,1423298.6145833333,12
64557,891111.6770833334,12
64565,3803874.6875,12
64629,555224.71875,12
64630,24406.416666666668,12
64637,4870.94375,10
64646,671357.25,1
64653,2900969.546875,12
64697,55250.25,4
64742,,0
64785,,0
64805,235162.30729166666,12
64822,,0
64856,6896600.015625,12
64864,248649.921875,12
64899,158318.26822916666,12
64901,74234.33166666667,12
64929,147513.15625,12
64936,11808684.869791666,12
64961,57254.020833333336,12
64979,,0
64995,9225888.015625,12
65008,24936.629464285714,7
65032,77937.75,2
65067,99270.44791666667,12
65074,2626850.125,3
65083,132513.9296875,12
65138,37914926.90625,12
65154,328811.4583333333,12
65155,,0
65163,113762.79166666667,12
65226,117933.45833333333,12
65270,116428.33928571429,7
65285,94753.71354166667,12
65294,355395.09375,12
65306,94246.25,12
65307,1008367.6510416666,12
65330,2861618.2552083335,12
65365,264526.0989583333,12
65402,257195.03125,12
65429,89775.0,1
65453,714822.5989583334,12
65496,162270.5,5
65509,1694223.265625,12
65518,202399.93125,10
65525,,0
65533,1719445.2135416667,12
65541,479679.09375,12
65584,377618.278125,12
65656,1549540.0416666667,12
65672,9951.732954545454,11
65700,27297.06612,11
65702,15196.5,1
65787,10587343.046875,12
65832,1162898.4114583333,12
65875,111809284.66145833,12
65883,81448075.921875,12
65912,2416009.3125,12
65939,1140748.4739583333,12
65947,472660.3958333333,12
65964,129598.35416666667,12
66050,410614.25,12
66077,204090.17708333334,12
66078,19212.1875,1
66093,155392087.33333334,12
66114,2466282.4114583335,12
66122,37252799.208333336,6
66130,2638571.0625,12
66157,16847720.973958332,12
66181,118414306.69270833,12
66245,473061.2520833334,12
66253,131993.115,12
66309,44057.7265625,8
66325,6798694.09375,12
66368,62589.666666666664,12
66369,38404.25,1
66376,281601.56124999997,12
66384,922525.925,5
66392,196999.46875,10
66393,49669.2734375,12
66413,144083.58333333334,3
66472,12939.0625,1
66501,107728.11875,10
66545,8229.430555555555,9
66587,424567.68041666667,12
66616,644302.0833333334,12
66617,177093.23177083334,12
66640,179201.625,3
66667,15063.71875,12
66683,305596.5572916667,12
66713,3297697.4479166665,12
66739,553667.9583333334,12
66799,1605482.59375,12
66800,191773865.359375,12
66835,1252888.6041666667,12
66852,127959.77083333333,12
66878,1287946.9427083333,12
66967,346476.5807291667,12
67002,165375.078125,12
67010,207122.375,12
67029,121897.55208333333,12
67046,447974.4266333333,12
67176,614196.953125,12
67177,144124.609375,12
67193,249848.69791666666,12
67264,350574.4166666667,12
67300,82781.203125,12
67328,945024.375,8
67345,420086.1625,10
67360,131935.6875,12
67432,142006.140625,12
67459,908910.9791666666,12
67467,1347998.3333333333,12
67491,235559.04166666666,3
67563,2476172.5625,12
67598,1407021.9583333333,12
67678,24087.767045454544,11
67679,95472.953125,12
67708,1688361.65625,12
67723,168729.0,3
67732,89273.46875,4
67774,3994892.1875,12
67838,184587.56770833334,12
67862,1261635.296875,12
67942,12817.986111111111,9
68021,205106.71875,8
68049,292881.3072916667,12
68065,31158.761036666667,12
68102,212887.859375,8
68144,16083668.427083334,12
68145,42364.77272727273,11
68161,6197607.708333333,12
68187,1075997.3645833333,12
68196,3147087.109375,12
68233,27591.776041666668,12
68276,,0
68292,472971.7708333333,12
68304,5390129.739583333,12
68312,630771.5104166666,12
68313,27330.3779025,12
68320,284025.875,2
68340,2295944.4739583335,12
68347,44866027.916666664,12
68364,115389.41666666667,12
68419,1108293.5625,12
68427,110123.4375,12
68451,14022742.455,12
68494,161126.9125,5
68495,37052.96875,12
68582,514061.734375,12
68591,3488575.8333333335,12
68726,263341.578125,12
68742,318022.9375,7
68814,116828.6640625,8
68815,22042.4140625,12
68823,6869.552083333333,12
68830,139987.13541666666,12
68849,170800.46875,12
68857,9105546.307291666,12
68866,49814.913694166666,12
68929,178857.375,12
68961,148648.265625,12
69032,90912435.74479167,12
69033,,0
69075,1190131.7395833333,12
69163,576900.8072916666,12
69199,365586.1354166667,12
69200,146751.91083333333,12
69219,89278.546875,12
69244,149496.75,2
69331,76558.171875,12
69366,1370307.125,1
69382,215370.44791666666,12
69403,752800.78125,8
69411,76138.20833333333,9
69518,112339.6875,12
69534,38437.5,1
69550,3200810.46875,12
69586,115436.8125,12
69593,5129439.838541667,12
69606,587873.1979166666,12
69607,12539368.825,10
69649,1175016.21875,12
69681,3644784.590909091,11
69682,118197.53571428571,7
69761,127724.06770833333,12
69796,780803.2239583334,12
69892,474090.0375,10
69905,37597.65,10
69906,,0
69980,1258085.2135416667,12
69999,199952.67708333334,12
70018,1338122.015625,12
70033,12647062.96875,12
70092,1002637.5210533333,12
70113,29040.447916666668,3
70121,687417.9583333334,12
70172,660301.25,1
70228,967442.546875,12
70229,1446715.3333333333,6
70252,1161526.1944444445,9
70288,70923.125,4
70295,592276.9583333334,12
70308,450312.3125,12
70316,54536.458333333336,12
70332,8000735.856041667,12
70376,,0
70391,25631.666666666668,12
70420,748454.5833333334,12
70447,19315.227272727272,11
70500,8338484.15625,12
70519,220205480.93229166,12
70536,2622639.8125,12
70578,4861098.588541667,12
70616,259654.19791666666,12
70632,912849.1197916666,12
70659,1740894.5260416667,12
70682,909207.484375,12
70703,966781.4166666666,12
70704,,0
70770,75216.875,12
70790,181357.48295454544,11
70797,1188461.7395833333,12
70798,70372.65625,1
70818,63592.666666666664,12
70826,284701.6302083333,12
70885,532361.1666666666,3
70923,1357433.3125,12
70965,201600.86979166666,12
71079,485165.453125,12
71116,3404640.1510416665,12
71124,93885.1640625,8
71159,292286.53125,12
71175,5426528.375,12
71176,1993834.7552083333,12
71220,,0
71271,1345835.7552083333,12
71298,6375786.974374999,12
71395,250637.484375,12
71475,290959.9479166667,12
71563,10803108.3125,12
71589,412792.5833333333,12
71598,9629.44704,1
71685,1074449.953125,12
71686,4816049.479166667,12
71722,155935.078125,12
71782,86866.515625,12
71810,1971730.3072916667,12
71837,13758.2265625,12
71862,102692.13541666667,9
71909,1206071.5520833333,12
71984,,0
72005,666733.7083333334,12
72072,62817.125,1
72119,40800.0625,4
72128,156003.265625,12
72135,17326.083333333332,12
72231,558721.25,12
72232,24588.305555555555,9
72304,207006.52604166666,12
72338,70756.625,3
72486,271473.6041666667,12
72494,308313.2760416667,12
72661,58999.708333333336,12
72696,414383.9479166667,12
72710,380159.161635,12
72726,17293936.1333175,12
72733,296560.8125,12
72741,189324.375,12
72776,451156.3385416667,12
72813,164881.29166666666,12
72864,153788.75,12
72961,442811.490855,12
72980,205004.33333333334,12
72996,81889.38541666667,12
73139,8037238.556666668,12
73219,241918.67708333334,12
73278,10894.971354166666,12
73614,157001.41666666666,6
73681,402205.6288666667,12
73796,31110.203125,12
73809,563142.0416666666,12
73817,,0
73940,6238614.442708333,12
74086,600858.5885416666,12
74203,115528.7625,5
74246,,0
74406,94425.26041666667,12
74481,165374.65625,4
74500,27576.21875,9
74529,,0
74580,154894.41145833334,12
74836,7826.484375,4
74895,29020.354166666668,12
74932,220338.4375,12
75032,175496.875,12
75033,497566.0719358334,12
75034,10959562.796875,12
75036,138265.23124999998,12
75037,48417.708333333336,12
75039,442069.53125,12
75040,229943.34375,10
75041,971267.9583333334,12
75047,62480.725,12
75049,3198380.8958333335,12
75055,,0
75058,443377.7159090909,11
75060,216010.46875,12
75064,6743999.963541667,12
75065,280242.0625,12
75069,11435.182291666666,12
75070,83075.11458333333,12
75072,725982.0729166666,12
75075,393437.9583333333,12
75076,59766.975,5
75077,70763.31770833333,12
75078,129774.39583333333,12
75082,1643959.5833333333,12
75083,454289.921875,12
75088,173127.04861111112,9
75092,124829.21875,12
75094,685255.7556818182,11
75099,146132.9765625,8
75100,5251496.489583333,12
75101,1206290.921875,12
75103,109305.38020833333,12
75104,8034364.015625,12
75105,498180.40625,12
75107,495859.234375,12
75110,74400.1875,3
75113,401760.390625,12
75142,1531736.3125,2
75150,37772.5703125,8
75152,532388.4791666666,12
75154,15664806.25,12
75157,481809.4791666667,12
75159,28444.947916666668,12
75162,320495.796875,12
75167,1841589.8125,4
75168,335325.234375,12
75174,86920.96875,12
75175,5786486.489583333,12
75176,43503.005208333336,12
75178,13831.9125,10
75180,1905944.1875,4
75181,2859978.5833333335,12
75182,793543.3385416666,12
75183,99168.515625,12
75186,42115310.884134166,12
75188,730381.0885416666,12
75212,31786.541666666668,9
75215,223893.925,10
75222,597928.5572916666,12
75224,1222084.9875,12
75226,61122.6,10
75227,1839020.5885416667,12
75228,5673193.8125,12
75232,990210.4169458334,12
75233,338289.546875,12
75235,64169.140625,12
75236,96466.94642857143,7
75239,223722.75520833334,12
75240,127338.75,12
75241,1257061.6197916667,12
75243,337657.375,12
75245,551835.5625,11
75252,273645.53125,12
75257,23212523.940153334,12
75259,1638664.40625,12
75260,879370.6666666666,12
75261,626369.5052083334,12
75262,303107.62,12
75264,228275.50583333333,12
75266,50702.909375,10
75268,856948.765625,12
75269,81538.5,3
75272,31685.390625,12
75273,314370.2784090909,11
75274,690170.1354166666,12
75275,81432.35,5
75277,218381.04545454544,11
75278,8392684.1875,12
75280,97269.58333333333,12
75285,2648492.6770833335,12
75286,36377.25,1
75288,79808.79458333334,12
75289,124651.84722222222,9
75290,826198.3177083334,12
75292,76381.89583333333,12
75294,608249.0520833334,12
75295,308957.8125,4
75296,96163.2,11
75297,239102.421875,12
75298,2152548.2760416665,12
75301,204756.05208333334,12
75306,90798.69791666667,12
75308,136940.3125,1
75310,140708.33333333334,9
75313,612560.546875,12
75316,864120.7864583334,12
75317,107057.08854166667,12
75318,,0
75320,3514317.171875,12
75322,82849.5625,1
75323,94227.33333333333,12
75326,336354.03125,12
75330,,0
75331,391503.125,12
75333,8134598.744791667,12
75334,291251.140625,8
75336,111333.25,9
75341,2806113.8854166665,12
75342,86893.02604166667,12
75346,193171.43229166666,12
75349,124423.59375,12
75350,219403.69791666666,12
75351,448838.6145833333,12
75354,483738.7708333333,12
75355,765420.0,12
75357,20355.401041666668,12
75365,240319.921875,12
75367,602240.6979166666,12
75376,141453.97222222222,9
75381,654673.390625,12
75382,152271.046875,12
75383,1956250.1979166667,12
75384,926405.6136363636,11
75385,206718.75,1
75386,523974.1197916667,12
75387,34497.395833333336,12
75388,,0
75391,36845.625,12
75392,155845.02083333334,12
75393,30536.1875,12
75398,,0
75400,446926.59821428574,7
75401,410762.71875,12
75405,93753.984375,12
75411,162468.09895833334,12
75413,123272.91666666667,12
75414,172052.60625,10
75415,90666.21875,12
75416,102020.77604166667,12
75418,46216407.838541664,12
75427,129430.69010416667,12
75429,113020.390625,12
75430,26992.197916666668,12
75432,767609.5729166666,12
75433,,0
75434,381167.6848958333,12
75435,59002.321875,10
75443,168470.52604166666,12
75444,1652609.6770833333,12
75445,398108.5052083333,12
75446,75838.96875,2
75447,74796.53645833333,12
75455,196649.91145833334,12
75456,42508.3125,12
75459,280238.75,12
75460,352681.234375,12
75461,431574.28125,12
75465,112624.9325,12
75466,88103.79166666667,12
75469,417198.53125,10
75470,64253.556164166665,12
75475,50936.345624999994,12
75478,321720.859375,12
75483,563374.7291666666,12
75488,24902.651041666668,12
75489,7688432.28125,12
75491,112165.61197916667,12
75503,10643.111111111111,9
75509,166058.234375,12
75510,14259197.598958334,12
75517,56980.260416666664,12
75524,9434.361979166666,12
75527,369884.2604166667,12
75549,74088.65625,2
75550,102201.13802083333,12
75554,53855.786458333336,12
75556,23106.700520833332,12
75557,49057.6375,5
75558,124846.36875,10
75563,45043.75,2
75573,2664600.2708333335,12
75577,17075848.901041668,12
75578,130908.69791666667,12
75581,170549.11875,10
75585,82571.9899475,4
75591,905647.1145833334,12
75592,1682987.28125,12
75594,32111.098958333332,12
75596,226198.05729166666,12
75597,330599.296875,4
75600,733634.4479166666,12
75603,1557633.1041666667,12
75604,,0
75605,253451.40625,12
75606,20313.7125,10
75607,3223357.4739583335,12
75608,1690036.9140625,8
75609,166440.54964166667,12
75610,511009.1979166667,12
75616,56202.729166666664,12
75622,240081.25,12
75623,104168.43854166666,12
75625,4944063.463541667,12
75630,169626.33333333334,12
75631,264564.63636363635,11
75632,1345440.3020833333,12
75633,603612.4725316666,12
75640,168003.44791666666,12
75641,184191.52083333334,12
75642,538233.3802083334,12
75646,9355531.53125,12
75648,12884309.704545455,11
75649,810909.984375,12
75650,43863.703125,12
75652,5117182.489583333,12
75654,1810809.84375,12
75657,24813.152777777777,9
75659,,0
75660,1455423.6614583333,12
75672,,0
75673,61831.25,2
75684,1470582.265625,12
75694,1852569.3515625,12
75696,599732.8843216667,12
75706,125775.025,10
75713,40423.34765625,8
75714,126742.82291666667,12
75729,100279.36458333333,12
75730,578078.5364583334,12
75733,,0
75754,,0
75760,360832.202917,10
75773,23307.34375,12
75789,34368066.666666664,12
75799,54489.0,12
75806,83112.375,12
75807,1631895.3125,12
75808,1329432.857142857,7
75809,139548.75,12
75810,91168.28125,12
75811,687651.7291666666,12
75814,101315.234375,12
75815,65983.9875,10
75819,384851.25,1
75823,37246.3125,9
75825,3782309.0520833335,12
75826,45597.817708333336,12
75827,227126.04166666666,12
75828,5427470.270833333,12
75831,114247.04166666667,12
75834,173496.11607142858,7
75837,386005.125,12
75838,63842.1875,1
75840,89452.40625,12
75841,189442.171875,12
75842,204486.90625,12
75843,60756.770833333336,12
75844,2982601.9114583335,12
75845,40173.78125,12
75846,1660345.71875,12
75851,214587.13020833334,12
75853,579923.6223958334,12
75854,2958055.09375,12
75856,52600.776041666664,12
75857,23548163.836443335,12
75858,1602001.8125,12
75860,576625.3541666666,12
75861,83282.63020833333,12
75864,,0
75873,114817.0,2
75881,71524.63541666667,12
75884,550233.5416666666,12
75885,144482.015625,12
75887,94953.15104166667,12
75888,665873.796875,12
75899,,0
75900,538548.7604166666,12
75901,562978.28125,4
75902,400997.234375,12
75905,40858.22767857143,7
75906,124057.87239583333,12
75912,3932728.96875,12
75925,484529.78125,12
75926,135032.53125,2
75928,71186.09375,12
75936,2373248.1041666665,12
75937,1040903.6927083334,12
75938,362896.2708333333,12
75941,56354.65625,12
75945,676094.0208333334,12
75946,1578184.25,1
75950,468516.5625,2
75951,6094.6875,7
75962,,0
75967,,0
75968,26650.3125,1
75976,39392.90625,12
75986,353343.0833333333,6
75993,1004479.3607954546,11
76000,512603.7447916667,12
76008,220477.125,1
76016,,0
76022,131175.0,3
76025,,0
76037,81726.27604166667,12
76038,,0
76040,9883.21875,8
76041,498411.8125,4
76045,,0
76050,45951.856770833336,12
76055,293301.3541666667,12
76060,96277.484375,12
76076,415510618.24,12
76079,31234.40625,2
76081,283243.1458333333,12
76082,561702.0989583334,12
76083,135636.5,12
76085,3408224.0,12
76087,126549.79166666667,12
76088,725684.21875,12
76089,47197.828125,12
76090,2867136.2760416665,12
76091,915256.703125,12
76095,105644.52604166667,12
76096,650095.875,1
76099,523393.7291666667,12
76100,306281.1875,12
76101,1455777.3645833333,12
76107,3262.8125,1
76110,168464.08333333334,3
76111,90224.203125,4
76118,72682.67708333333,12
76119,136474.5625,12
76121,591558.6145833334,12
76122,1765893.3482142857,7
76123,2236565.3697916665,12
76125,184893.75,2
76127,178428.20833333334,12
76128,1064486.9739583333,12
76129,12628106.666666666,12
76135,673035.5208333334,12
76136,2317195.8802083335,12
76138,284317.32416583336,12
76139,450663.3806818182,11
76144,87233.703125,12
76145,171593.84375,12
76147,,0
76148,247745.07291666666,12
76149,23909141.666666668,12
76156,34703.4375,1
76159,20589.225,5
76165,1524476.799165,12
76166,248847.51875,10
76171,17407907.97520833,12
76177,665292.59375,12
76181,206527.83854166666,12
76182,122160.90625,12
76185,238085.54166666666,3
76194,1000558.15625,12
76195,132519.16145833334,12
76197,164634.546875,12
76201,23092725.520833332,12
76202,61514.403645833336,12
76207,192347.43489583334,12
76208,35975.0,8
76209,1509298.515625,12
76210,465328.71875,2
76214,1026323.125,12
76217,160114.13541666666,12
76218,292085.03125,12
76219,3019840.421875,12
76220,458592.640625,12
76221,704593.5989583334,12
76223,215379.94270833334,12
76224,643876.5520833334,12
76226,65228970.296875,12
76228,119945.55208333333,12
76230,708467.5104166666,12
76231,93280.08854166667,12
76234,3497857.8697916665,12
76236,92478.8125,3
76238,321756.8333333333,12
76239,173880.9375,12
76240,5022585.5625,12
76242,1133942.375,12
76243,122790.234375,12
76244,91505.57291666667,12
76246,63879.859375,12
76252,44056.03125,12
76254,,0
76257,106481.5625,7
76259,167325.075,10
76261,57505.815104166664,12
76264,52981.325520833336,12
76265,295635.3229166667,12
76266,936839.2083333334,12
76267,70614.25,3
76268,100207.2875,10
76272,1237226.8489583333,12
76273,107479.16666666667,12
76274,262798.6744791667,12
76279,49608.96875,4
76281,86610.375,4
76282,2660876.3177083335,12
76290,904587.8096590909,11
76295,,0
76298,10528.078125,12
76302,8973.463068181818,11
76306,151683.85416666666,12
76310,33061.54402166667,6
76314,224110.47395833334,12
76317,181465.90625,9
76322,87012.88541666667,6
76330,,0
76331,161339.12239583334,12
76336,47108.88125,10
76355,,0
76359,,0
76361,14622.260416666666,12
76366,45248.125,12
76367,268871.0963541667,12
76371,86077.5,1
76372,196462.44270833334,12
76383,365389.325,5
76390,,0
76391,1599997.1614583333,12
76392,52044.434375,10
76398,,0
76400,19196.25,3
76408,,0
76409,,0
76410,,0
76415,24473.635416666668,12
76421,,0
76422,15098.1875,6
76424,13816.6875,2
76425,,0
76428,674903.4114583334,12
76430,,0
76435,53172.4375,12
76443,72406.59635416667,12
76445,35058.049479166664,12
76448,771580.5208333334,12
76454,27271.484375,12
76456,130096.390625,2
76457,250423.85184166665,6
76461,,0
76465,,0
76477,695117.328125,12
76478,213488.375,12
76481,,0
76489,106706.03125,12
76493,1296039.2083333333,12
76494,196977.11458333334,12
76496,240866.015625,12
76497,1527023.9270833333,12
76501,71433.61458333333,12
76502,3318.5625,12
76504,431943.8125,12
76505,30932.125,12
76507,1110949.53125,12
76509,512260.1927083333,12
76510,21895.5625,4
76512,,0
76513,1658081.078125,12
76515,101750.25,4
76520,95653.97395833333,12
76529,36178.65625,12
76532,32886.2875,10
76542,187503.34375,12
76543,,0
76548,111452.55,5
76549,,0
76553,47383.567708333336,12
76557,25659461.151041668,12
76558,119964.05729166667,12
76564,205970.09375,2
76565,3948096.765625,12
76568,545792.5677083334,12
76570,226318.02083333334,12
76571,285095.1666666667,12
76572,226217.76041666666,12
76573,970288.953125,12
76577,,0
76584,7963304.330729167,12
76586,154114.25,12
76587,86274.203125,10
76591,160604.690625,10
76592,2166652.0260416665,12
76594,87984.84375,12
76595,440883.9895833333,12
76597,6861477.7897727275,11
76598,441312.390625,12
76602,574668.7541666667,12
76605,3217101.3333333335,12
76609,49945.75,3
76613,404090.8854166667,12
76614,958148.0468008333,12
76616,344374.6770833333,12
76619,868826.1090625,12
76622,,0
76623,22669.430555555555,9
76624,24922716.098958332,12
76625,1803669.3255208333,12
76636,24576479.25,12
76638,3203593.9635416665,12
76639,3408190.1458333335,12
76641,337116.875,12
76642,317037.0,12
76644,1742684.25,12
76653,897626.7135416666,12
76655,581190.1889583333,12
76656,12736552.71875,12
76661,419436.3489583333,12
76662,,0
76664,631566.0,12
76670,48570.182291666664,12
76671,783319.7395833334,12
76672,,0
76673,326894.1875,12
76674,2458193.53125,8
76675,718203.0,12
76676,417555.9947916667,12
76677,728311.0,12
76684,365830.1979166667,12
76686,79199.8125,12
76691,83722.0,6
76693,2112926.5729166665,12
76695,150233.17708333334,12
76697,1832023.328125,12
76699,276968.0208333333,6
76702,2139609.6302083335,12
76703,,0
76706,2973716.0520833335,12
76708,2083130.9947916667,12
76709,833707.2395833334,12
76710,150891.76875,10
76711,583449.5416666666,12
76712,22174946.125,12
76714,431433.1197916667,12
76716,2179137.077415,12
76720,49896.203125,12
76721,215455.328125,12
76722,448671.3333333333,12
76732,357719.7864583333,12
76733,223380.73958333334,12
76734,52592.479166666664,12
76736,2236044.6302083335,12
76740,138976.25,1
76744,2874004.4680633335,12
76745,968432.9010416666,12
76747,,0
76750,74746.94270833333,12
76752,618130.0260416666,12
76755,209272.46875,12
76757,4324510.494791667,12
76758,453072.525,5
76760,345811.3802083333,12
76764,218755.515625,12
76768,224497.4642857143,7
76769,687153.8427083333,12
76772,44253.5625,8
76774,93652.26041666667,12
76776,497768.20454545453,11
76779,2205547.0567166666,12
76780,89401.59722222222,9
76788,62407.267857142855,7
76789,753717.3541666666,12
76791,78432.91666666667,3
76792,1939893.5104166667,12
76795,1245847.4685633334,12
76796,118763.2265625,12
76797,209693.52083333334,12
76799,7733211.71875,12
76803,,0
76804,5706906.9375,12
76807,18790.9375,4
76816,76395.125,12
76818,1048726.6875,12
76820,444649.375,12
76830,59547.28125,12
76832,,0
76837,614890.0520833334,12
76838,345528.03125,12
76839,140971.55208333334,12
76841,5996261.59187,12
76842,174643.93442200002,10
76843,48956.84375,2
76845,6691869.588541667,12
76846,557352.85,5
76856,60290.625,3
76860,183826.11746333333,6
76863,228423.5625,12
76868,124399.625,12
76869,,0
76877,184671.84375,2
76879,141009.375,1
76880,435904.8802083333,12
76887,1759595.2447916667,12
76888,,0
76889,2479510.90625,12
76892,877878.2135416666,12
76898,,0
76900,43749.70286333333,12
76904,26298.174479166668,12
76908,21827.053125,10
76910,306908.7755681818,11
76916,,0
76927,,0
76931,201235.53125,8
76932,3617812.7473958335,12
76934,68828.20833333333,6
76945,45042.696875,10
76947,31165.125,1
76948,228388.3,10
76950,,0
76951,229387.4090909091,11
76955,,0
76958,276421.552375,10
76959,35586.6,5
76960,90419.80208333333,12
76961,183208.72916666666,12
76966,7359.0,1
76975,556798.5,12
76977,756364.0972222222,9
76978,,0
76979,2785396.171875,12
76980,45435.14772727273,11
76988,10971.375,1
76990,33198.0,1
76995,9194.225,5
76998,,0
76999,357113.1875,12
77004,61896.0,2
77006,88474.42708333333,12
77007,1019149.6145833334,12
77010,353457.1233891666,12
77011,71684.13125,10
77012,98123.66666666667,12
77015,1182631.8671875,8
77018,328798.6979166667,12
77021,116753.5,1
77025,125667.48958333333,6
77026,194155.23958333334,6
77029,79566.6875,12
77032,272360.6145833333,9
77037,86139.1328125,12
77038,,0
77039,604094.6354166666,3
77040,65279.375,4
77042,388057.8697916667,12
77043,450878.7708333333,12
77045,591238.0,1
77052,100260.56818181818,11
77053,802020.3541666666,12
77056,276291.5234375,8
77057,239836.61458333334,12
77058,224809.41964285713,7
77059,98545.79166666667,12
77063,1318976.7275099999,12
77065,92964.375,10
77066,288957.96875,12
77067,195769.33333333334,12
77069,156717.140625,12
77071,148643.59375,12
77073,120616.65625,12
77074,75971.01136363637,11
77077,416871.7272727273,11
77078,5989064.072916667,12
77080,529527.21875,6
77081,964446.5520833334,12
77082,45659.140625,4
77086,120447.0,2
77087,73076.55208333333,12
77090,51256.0625,12
77097,49516.645833333336,6
77099,116189.38541666667,12
77101,36308.6796875,12
77103,2763438.9947916665,12
77106,187854.27604166666,12
77114,98816.88888888889,9
77116,332160.46875,12
77117,260376.68229166666,12
77120,679623.203125,12
77124,110061.08479166667,12
77125,54586.5625,12
77126,320925.3125,12
77129,2443516.8229166665,12
77131,473123.8020833333,12
77132,120583.125,12
77133,146152.78125,12
77134,89500.4375,12
77135,77563.79166666667,12
77136,64132.723958333336,12
77143,11119.919642857143,7
77145,57568.875,12
77147,51684.333333333336,12
77149,344665.5989583333,12
77150,1419420.2916666667,12
77152,473574.171875,12
77153,255782.04166666666,12
77154,273417.375,12
77155,155283.5625,11
77157,1783222.8409090908,11
77158,415276.015625,12
77159,50720.458333333336,9
77163,1821699.4348958333,12
77169,394452.3625,10
77171,164680.0,1
77173,12019284.932291666,12
77175,767558.0755208334,12
77178,64926405.07095834,12
77179,903420.0,2
77180,316793.0911458333,12
77181,373667.1041666667,12
77182,516754.9635416667,12
77184,41101.135416666664,6
77186,50645.546875,2
77191,1032834.4322916666,12
77200,16666.5,1
77202,,0
77204,703458.4140625,12
77205,425904.6510416667,12
77210,231771.88541666666,12
77219,6532.0,3
77222,,0
77230,158007.3125,4
77235,155331.25,1
77236,21137.692708333332,12
77237,54987.791666666664,9
77239,163320.91145833334,12
77240,67580.625,6
77247,74351.625,3
77248,38357.71875,2
77254,97583.75,12
77255,685232.78125,12
77256,86548.40625,12
77257,288921.3958333333,12
77261,132079.4375,7
77263,139106.85625,10
77264,676606.59375,12
77265,305533.4583333333,6
77266,147182.84027777778,9
77268,130105.70625,10
77269,,0
77271,140849.95833333334,3
77274,3467557.9375,12
77276,,0
77278,,0
77279,103145.69791666667,12
77281,1219581.5911458333,12
77282,47898.533854166664,12
77284,36618960.833333336,12
77289,329435.0260416667,12
77291,320902.09375,12
77292,3248903.42218,12
77294,319432.328125,12
77297,,0
77300,984486.171875,12
77302,203549.0625,12
77309,106979.90625,12
77310,518042.4166666667,12
77311,54316.275,10
77313,254276.02083333334,12
77315,140179.078125,12
77316,365480.26229166664,12
77318,414327.3958333333,12
77323,,0
77324,,0
77325,892256.125,10
77326,67534.3125,2
77327,38840.770833333336,3
77334,31097.5,3
77338,962478.390625,12
77339,809308.4873466667,12
77340,41883.036458333336,6
77347,321949.2109375,8
77354,1051904.4791666667,12
77356,321294.3020833333,12
77357,2738945.0364583335,12
77362,90958.8125,6
77366,1188532.3333333333,12
77368,,0
77369,81750.0,12
77371,249726.984375,12
77376,,0
77377,77079.65104166667,12
77378,207507.03125,12
77379,214950.15104166666,12
77387,124333.1,5
77389,389034.8489583333,12
77392,531146.84375,12
77393,91823.34375,12
77398,,0
77401,,0
77403,100919.58106833334,12
77405,252286.70833333334,12
77413,340182.546875,10
77415,258170.29166666666,12
77418,122734995.99333334,12
77420,226752.72395833334,12
77421,1745372.0833333333,12
77425,60545.611979166664,12
77426,2020756.96875,12
77427,94651.28645833333,12
77428,147105.77864583334,12
77433,74972.05729166667,12
77434,105153.875,7
77435,102150.3046875,12
77437,144294.16875,5
77438,122377.59615333333,12
77440,52163.296875,8
77442,120357.95833333333,3
77446,32579.496527777777,9
77447,193070.38541666666,12
77448,344137.7578125,12
77450,125598.47222222222,9
77451,934635.28125,12
77453,898842.71875,12
77454,401126.25,12
77458,83876.60416666667,12
77460,1120348.875,12
77461,1703046.1510416667,12
77462,6970884.682291667,12
77463,,0
77464,953581.7013888889,9
77466,274399.0,12
77467,148865.29166666666,12
77468,91759.359375,12
77469,418340.5729166667,12
77470,232704.08333333334,12
77472,1968585.0989583333,12
77475,35598.729166666664,12
77478,237611.59895833334,12
77481,11962609.255208334,12
77483,1108599.44921875,8
77486,130883.55208333333,12
77488,27322.03125,12
77489,35399.0625,10
77490,317174.6614583333,12
77495,30867.34375,10
77496,1291184.4375,12
77501,312719.7447916667,12
77502,205532.84375,12
77504,232776.97395833334,12
77505,176556.1875,2
77507,34818.390625,12
77509,56419.5,1
77512,789660.953125,12
77515,1704206.8177083333,12
77516,1054377.5703125,12
77517,77682.75568181818,11
77519,661385.7395833334,12
77520,690738.3645833334,12
77521,94789.63541666667,12
77526,132948.92708333334,12
77528,514476.94483833335,12
77530,469150.054364,10
77542,1599365.9635416667,12
77546,19907505.807291668,12
77548,783197.4739583334,12
77549,294679.7239583333,12
77552,34239.583333333336,12
77553,34505.390625,12
77555,188770.4609375,8
77569,,0
77572,985706.109375,12
77573,199282.68229166666,12
77575,868250.3541666666,12
77576,172665.95834416666,12
77579,2639326.7760416665,12
77581,47058.583333333336,9
77582,690296.203125,12
77584,303179.0052083333,12
77585,41516.294270833336,12
77587,104576.62109375,8
77588,,0
77589,58467.447916666664,12
77590,56987.53125,12
77591,94578.6875,12
77592,105478.69270833333,12
77595,263863.0104166667,12
77596,321349.484375,12
77599,128951.61458333333,6
77602,,0
77603,955972.125,2
77604,6551675.203456666,12
77605,7798208.151041667,12
77606,16978851.994791668,12
77607,171314.46354166666,12
77608,298269.109375,12
77609,242921.578125,12
77610,288916.78125,12
77617,201635.25,1
77619,,0
77624,275662.9772727273,11
77625,,0
77627,43363.515625,12
77628,298615.7135416667,12
77629,40362.669270833336,12
77630,59741.5,1
77633,404593.7291666667,12
77636,262378.2916666667,12
77637,158411.94270833334,12
77638,209504.47916666666,12
77639,72384.58333333333,12
77642,151733.79166666666,12
77643,568652.328125,12
77644,,0
77646,188880.43125,10
77647,102766.32386363637,11
77649,757979.9166666666,12
77653,93869.35416666667,12
77657,,0
77659,5460773.668714167,12
77660,249619.1875,11
77661,1017888.6875,12
77662,459694.2083333333,12
77663,105168.125,3
77667,784307.2096883333,12
77668,1663235.640625,12
77669,140136.16927083334,12
77671,49812.9875,5
77673,23373.708333333332,3
77675,95274.67708333333,12
77678,67804.84722222222,9
77679,146518.83333333334,12
77683,,0
77685,36766.66397583333,12
77687,,0
77688,146908.125,4
77689,122307.5,10
77691,121463.49479166667,12
77692,87109.171875,12
77693,50689.255208333336,12
77694,168057.078125,12
77699,709583.6705108333,12
77701,85545.69010416667,12
77702,7202617.01642,12
77708,2176758.3958333335,12
77710,75381.70322583333,12
77713,118307.6875,12
77719,638844.65,5
77722,577938.4791666666,12
77729,,0
77730,1341318.9583333333,12
77733,94239.53977272728,11
77735,973820.1041666666,3
77756,12993.727272727272,11
77757,28838.300418181814,11
77758,45846.520833333336,12
77763,626155.5572916666,12
77764,171592.63541666666,12
77767,187821.0390625,8
77768,6311553.75,12
77769,385456.0208333333,12
77773,131280.75,1
77774,66848.25,1
77775,306379.8438458333,12
77776,97424.796875,12
77778,39422.15625,12
77780,148620.8125,12
77783,364050.2395833333,12
77785,103534.08854166667,12
77787,379074.6979166667,12
77789,,0
77791,156877.265625,2
77798,45592.052083333336,12
77803,689973.75,12
77804,50768.7,5
77805,314194.15625,2
77806,368763.6770833333,12
77807,547277.90625,12
77808,170625.14583333334,12
77809,91447.29166666667,12
77815,18528939.296875,12
77816,106712.55729166667,12
77817,71622.97395833333,12
77818,333993.5989583333,12
77819,62242.25,1
77820,26165.640625,12
77822,50978.005681818184,11
77823,2679526.5208333335,12
77827,199462.5,12
77828,22385.6875,12
77830,23337.8125,2
77835,59287.619791666664,12
77837,304262.94375,10
77838,55654.1640625,8
77839,,0
77842,22879.88664,5
77843,,0
77845,97936.2625,5
77854,207872.9375,2
77855,836425.8020833334,12
77857,126373.375,8
77860,80669.33333333333,12
77862,63935.15625,2
77865,,0
77868,51062.5,1
77872,66076.0625,4
77875,1298808.9375,12
77876,153906.09895833334,12
77878,160340.83035714287,7
77880,430248.015625,12
77881,252225.08854166666,12
77887,52413.614583333336,12
77889,66089.0859375,12
77893,97322.86805555556,9
77895,60855.838541666664,12
77897,364505.1744791667,12
77898,43158.677083333336,12
77902,986498.65625,12
77905,152798.609375,12
77907,121761.953125,12
77908,386141.015625,12
77909,163461.02083333334,12
77910,127807.18229166667,12
77916,19394.986979166668,12
77917,586207.4895833334,12
77918,663229.8072916666,12
77919,449046.49305555556,9
77920,246696.5625,12
77925,252910.19270833334,12
77926,968278.4583333334,12
77928,265758.5416666667,12
77929,25328.53125,12
77931,727412.47388625,8
77964,382336.6354166667,12
77967,355514.0208333333,12
77971,1827733.4479166667,12
77973,39853.338068181816,11
77976,3224122.0113636362,11
77979,145327.35,5
77984,41886.296875,12
77989,372940.3463541667,12
77992,82842.640625,8
77993,302514.6796875,12
77995,293320.8333333333,9
77997,107844.296875,12
77998,246201.65625,12
77999,63089.96875,12
78001,2349767.9010416665,12
78002,82771.25,1
78003,,0
78008,355046.2708333333,3
78009,341889.97183833335,12
78011,50914.9375,12
78012,74438.69791666667,12
78014,254676.46875,12
78015,882857.3072916666,12
78022,20617.8125,1
78029,,0
78031,43680.901041666664,12
78032,390757.90178571426,7
78033,899643.2447916666,12
78034,1694072.1119791667,12
78037,86925.721875,12
78038,2135135.7708333335,12
78040,139495.84375,12
78041,,0
78042,31988.0,1
78043,86027.7109375,8
78044,586474.5052083334,12
78045,3463355.90625,12
78049,229322.78645833334,12
78050,123365.15625,3
78054,124937.93229166667,12
78056,242402.421875,12
78057,102650.16666666667,12
78059,196524.69791666666,12
78060,111899.34375,12
78061,132141.41666666666,12
78062,156864.796875,10
78065,116291.86458333333,12
78066,,0
78068,156663.61458333334,12
78071,95607.5625,1
78073,316838.578125,12
78075,91523.2875,5
78077,420900.725,5
78081,760226.9010416666,12
78082,37407.4375,7
78083,7106351.400186666,12
78084,54352.604166666664,12
78086,148248.78645833334,12
78088,363495.3125,12
78089,583018.96875,12
78091,,0
78093,63874.135416666664,12
78094,35127.828125,12
78102,524611.2864583334,12
78103,40207.15625,10
78106,216284.60416666666,12
78107,62700.104166666664,12
78109,91418.125,12
78110,210917.005,12
78112,133717.19270833334,12
78113,,0
78117,153311.125,1
78120,375357.1041666667,9
78134,404465.23238666664,6
78137,697133.1927083334,12
78139,4385907.817708333,12
78145,265010.0125,5
78146,83901.734375,8
78147,162641.234375,4
78150,,0
78155,84321.72916666667,12
78156,108975.0,1
78157,82484.76988636363,11
78161,31388.275,5
78168,113417.08333333333,12
78170,536682.796875,12
78172,1188543.0793916667,12
78179,2796363.671875,12
78180,679839.0,1
78184,,0
78193,57385.625,1
78195,44006.03125,12
78197,211598.046875,8
78200,117973.22395833333,12
78201,120007.9125,10
78208,128904.35795454546,11
78209,109083.5684,12
78211,,0
78213,112892.89583333333,12
78219,57069.994791666664,12
78221,489615.375,3
78223,330654.0104166667,12
78231,190765.83333333334,12
78236,,0
78263,4253295.963541667,12
78268,480904.6875,2
78349,20754.23816125,8
78361,505636.765625,12
78388,336463.6458333333,12
78405,785722.4895833334,12
78432,740930.375,12
78447,179435.11458333334,12
78448,2543670.914785,12
78451,233746.490625,12
78468,23236.4,10
78527,1715628.984375,12
78537,53852.1875,4
78560,57522.375,6
78561,60726.578125,4
78594,39408.0625,12
78620,166561.64583333334,3
78622,47290.411458333336,12
78629,25661.328125,4
78638,3063170.945723333,12
78664,169966.9296875,12
78671,522269.0859375,12
78688,3811135.22611,12
78689,19143.503125,10
78690,224811.19791666666,3
78693,184323.16666666666,12
78701,270648.640625,12
78705,59451.169270833336,12
78711,5972157.0,4
78713,,0
78717,750130.0417641667,12
78718,,0
78729,,0
78741,,0
78743,95991.5,9
78745,483477.5833333333,12
78749,25107.375,1
78751,38130.9375,5
78752,94940.26041666667,6
78753,77895.5,3
78756,246357.47916666666,12
78758,237903.75,12
78759,222028.59375,8
78763,364705.4375,11
78775,1807420.8229166667,12
78780,832686.25,4
78786,135452.84375,4
78798,108785.46875,12
78801,97273.859375,12
78804,919062.5,12
78806,108883.60227272728,11
78807,105645.3046875,12
78810,185485.27083333334,12
78811,162348.14583333334,12
78815,806903.40625,12
78818,112625.546875,12
78829,756988.8645833334,12
78830,25862.416666666668,12
78832,12498.052083333334,12
78836,192969.64583333334,3
78837,278138.9270833333,12
78840,6324212.520833333,12
78841,,0
78844,73895.328125,12
78846,14828.058063333332,12
78847,21854.140625,12
78850,99723.54166666667,12
78851,254844.1875,8
78852,305947.2395833333,12
78854,66325.4375,12
78855,59764.75,12
78856,123211.05729166667,12
78858,75276.04166666667,12
78862,4109780.578125,12
78867,441109.2395833333,12
78869,66547.6375,5
78871,,0
78872,97014.53125,4
78875,3890958.3836008334,12
78876,332817.03125,12
78877,974745.34375,8
78879,408027.80113636365,11
78881,366223.9322916667,12
78889,1195357.6875,12
78890,373738.78125,4
78894,52164.9375,3
78903,98797.29166666667,12
78906,45640.598958333336,12
78908,25338.30078125,8
78910,202938.0340909091,11
78914,251221.76704545456,11
78915,281622.0591158333,12
78916,4991726.994791667,12
78920,58182.140625,12
78922,21671.994791666668,12
78924,21405.75,2
78927,788773.90625,12
78931,1781416.4947916667,12
78932,100497.046875,12
78935,160483.6640625,12
78936,207619.28125,12
78937,,0
78938,137576.04166666666,12
78942,525374.5885416666,12
78943,29454.59375,12
78944,93117.94270833333,12
78945,39633.505208333336,12
78947,547360.8385416666,12
78948,103996.41666666667,12
78950,119776.18229166667,12
78953,99219.96354166667,12
78955,377277.26980916667,12
78956,116432.65104166667,12
78959,55316.703125,4
78960,,0
78963,405781.2740641667,12
78965,67723.91193181818,11
78970,691243.4791666666,12
78971,1768081.0729166667,12
78972,256859.125,5
78975,9634383.697916666,12
78977,127722.28125,12
78981,464857.0260416667,12
78982,10866.604003,10
78986,27279.997159090908,11
78987,4270888.416060833,12
78988,194669.9375,6
78990,35481.953125,12
78999,734844.03125,12
79005,1088545.5572916667,12
79006,406458.41875,10
79007,91634.38920454546,11
79009,1157439.3125,11
79010,73994.6875,12
79013,137394.59375,12
79016,310781.5625,11
79019,34497.216145833336,12
79020,25390.0546875,12
79021,236266.76388888888,9
79022,510675.4010416667,12
79023,,0
79025,93227.72916666667,3
79026,276602.78125,12
79027,,0
79031,84628.88020833333,12
79033,281808.5833333333,12
79034,258222.21875,12
79036,167660.15625,12
79037,1057514.1822916667,12
79038,165821.54166666666,12
79048,143232.77083333334,12
79049,66072.23958333333,12
79051,193968.95833333334,12
79052,123781.015625,12
79053,74718.0,1
79057,6713216.588541667,12
79059,4844.583333333333,6
79062,127360.35,5
79069,154183.30357142858,7
79072,258837.88541666666,12
79073,136807.38541666666,12
79075,718270.21484375,8
79078,116195.58203125,8
79080,17546.239583333332,12
79085,40598.796875,12
79087,16675.65625,12
79088,147257.46875,4
79089,573432.6310466666,12
79093,25929.0,1
79094,8012928.604166667,12
79095,120203.9375,12
79097,458383.9071333334,3
79100,102280.875,2
79103,802094.0104166666,12
79105,,0
79107,97526.05729166667,6
79108,11473982.557291666,12
79109,70810.60416666667,12
79113,101506.5625,12
79116,116030.92708333333,12
79121,2799627.6354166665,12
79122,7833.068181818182,11
79124,167212.671875,4
79129,1649653.7291666667,12
79131,21054.625,12
79132,126231.328125,12
79133,905267.2552083334,12
79134,83190.921875,12
79136,786732.46875,12
79138,369856.4739583333,12
79139,230071.00520833334,12
79140,283518.7760416667,12
79144,499265.5078125,8
79145,4698976.4775,12
79146,351142.0875,10
79147,32897.375,1
79148,187583.86458333334,12
79149,172961.66666666666,12
79150,81613.71875,4
79152,317792.225,10
79153,26543.674479166668,12
79156,141928.875,2
79157,4382575.13269,12
79159,235026.44270833334,12
79161,2840020.8333333335,3
79163,14580974.6875,7
79164,158893.125,2
79166,136999.234375,12
79167,126564.23611111111,9
79171,203422.1328125,8
79173,20522.0934875,12
79176,31485.59375,12
79183,63689.0625,4
79184,710528.7291666666,12
79188,103831.875,5
79189,109726.41145833333,12
79190,393364.8375,5
79191,77728.5,12
79192,951647.6041666666,12
79193,147845.60416666666,12
79195,57170.3125,12
79197,301630.1423611111,9
79198,129294.90972222222,9
79199,76285.05729166667,12
79200,43165.947916666664,12
79201,,0
79204,35779.572916666664,12
79205,,0
79207,335708.328125,12
79209,283191.8489583333,12
79210,1447731.578125,12
79211,,0
79212,1019900.0416666666,12
79213,323005.28125,12
79215,61012.9375,1
79216,80806.25,2
79217,60720.0,1
79221,49962.989583333336,12
79222,28743.53125,12
79225,75031.05208333333,12
79226,87246.05729166667,12
79228,75555.953125,12
79229,196660.984375,12
79230,341737.8125,12
79232,112068.5625,12
79233,744373.4479166666,12
79234,65895.95625,10
79235,145306.70833333334,12
79236,250759.125,12
79237,10171290.9375,12
79238,169576.25520833334,12
79240,16752.744791666668,12
79241,14606.9765625,12
79242,12296.4140625,12
79243,13961.635416666666,12
79244,1428930.59375,12
79248,21652.38888888889,9
79249,44196.538194444445,9
79251,235801.16666666666,12
79253,61693.53125,12
79254,1309608.7708333333,12
79255,849040.125,12
79257,,0
79259,47843.604166666664,3
79260,163126.015625,4
79262,498065.9583333333,12
79263,28420.25,3
79264,77241.27272727272,11
79265,125080.69318181818,11
79267,,0
79280,260385.52083333334,12
79289,322293.4322916667,12
79293,11186.865625,10
79298,,0
79299,639913.859375,12
79300,302129.8880208333,12
79303,1010224.65625,12
79305,1163171.6770833333,6
79307,128394.88125,10
79309,140270.92708333334,12
79310,28411.75,4
79313,39808.8828125,12
79315,72353.484375,12
79316,466558.3125,6
79322,20969.535714285714,7
79323,22100174.776041668,12
79325,68772.20833333333,12
79326,34467.53125,12
79328,191816.61979166666,12
79329,264853.0208333333,12
79330,1269724.1614583333,12
79331,477069.2291666667,12
79332,171940.775,5
79334,145404.42045454544,11
79335,,0
79336,452916.7864583333,12
79337,179933.5625,3
79339,78464.97864583334,12
79340,52615.0625,12
79341,73573.28125,12
79347,77142.24479166667,12
79351,181321.875,12
79356,85048.125,12
79357,57213.333333333336,12
79358,36685.765625,12
79359,32838.541666666664,12
79360,55885.776041666664,12
79361,20828.640625,12
79362,7633352.732954546,11
79363,3692864.2604166665,12
79365,,0
79366,632556.2864583334,12
79368,11600.90625,2
79373,19611.50345,1
79374,244079.625,4
79375,,0
79376,131729.6875,6
79379,107301.66666666667,3
79381,33264.0,1
79382,64741.140625,12
79385,60774.0625,3
79390,688787.109375,12
79391,,0
79392,386488.2638888889,9
79393,117936.125,4
79396,214565.5625,2
79399,38308.989583333336,12
79400,482075.575,5
79404,8047.45,10
79406,233553.75520833334,12
79407,106260.0,1
79414,34695.58949,7
79420,32541.875,8
79427,772126.3825766667,12
79428,3664677.703125,12
79436,93474.94791666667,12
79444,957014.2395833334,12
79445,39311.11111111111,9
79446,230719.48958333334,12
79447,158192.96875,12
79448,121326.33333333333,12
79449,1587783.6041666667,12
79450,136339.171875,12
79452,1128866.9114583333,12
79453,68267.05208333333,12
79454,416003.0,12
79456,62717.614583333336,12
79457,28569.71875,12
79461,690513.28125,12
79464,59901.984375,12
79467,793833.5833333334,12
79472,65336.346875,10
79478,231530.15361083334,12
79480,209307.2109375,12
79486,,0
79491,35669.333333333336,3
79497,149141.77604166666,6
79499,56463.645833333336,12
79502,189880.19791666666,12
79504,435824.765625,4
79505,1977259.0,12
79507,52229.734375,8
79511,,0
79512,44596.880208333336,12
79515,61754.90625,12
79516,140563.38541666666,12
79517,486453.465725,12
79518,164037.33333333334,3
79519,,0
79521,38298.825,5
79523,487388.1666666667,12
79524,299009.5052083333,12
79525,573710.8472222222,9
79526,248228.765625,8
79528,258578.44791666666,12
79529,39869.744791666664,12
79531,50161.875,1
79532,642843.1593749999,12
79535,,0
79540,,0
79542,1225838.4427083333,12
79545,964752.96875,12
79546,148239.0,12
79547,5997796.5625,12
79548,268378.0,12
79555,42935.625,1
79558,214540.27604166666,12
79559,279802.0416666667,12
79560,301072.5260416667,12
79561,133404.328125,12
79562,,0
79564,1297554.4114583333,12
79568,972973.78125,12
79571,24560.578125,12
79573,,0
79577,54174.21428571428,7
79580,61636.330729166664,12
79584,25631.643229166668,12
79585,29586.130208333332,12
79588,69080.40625,12
79591,53365.60625,10
79592,194722.82386363635,11
79595,14237.6875,1
79606,55673.90625,2
79607,318022.3854166667,12
79610,210429.9374125,8
79611,124775.44270833333,12
79612,393108.5208333333,3
79613,114377.046875,12
79615,40541.729166666664,12
79616,1479269.775,5
79617,231130.92708333334,12
79627,8715.763020833334,12
79628,365260.65625,12
79631,255306.34895833334,12
79634,178603.1875,12
79637,1919580.453125,12
79640,521696.9739583333,12
79641,2273422.9479166665,12
79642,146006.875,12
79643,135006.4375,12
79644,492339.015625,12
79646,84818.74479166667,12
79650,19889.203125,12
79654,561119.7135416666,12
79659,129322.85416666667,12
79660,827371.4114583334,12
79662,2082512.9166666667,12
79663,135322.671875,12
79665,465150.2916666667,12
79667,1374345.1197916667,12
79668,614486.1875,12
79670,43258.21875,2
79671,260292.55208333334,12
79672,1259991.484375,12
79674,53823.96875,8
79676,175576.7625,10
79678,280253.3177083333,12
79682,65382.760416666664,12
79683,2159351.6510416665,12
79684,185907.0,12
79685,57923.25,1
79686,48980.9375,3
79689,99512.0,5
79691,9409.5,3
79693,10041.8125,12
79695,79998.40677571428,7
79698,663130.2072916667,12
79702,51107.770833333336,6
79703,139239.44642857142,7
79704,,0
79706,210043.75,2
79707,,0
79710,81695.25520833333,12
79712,277314.3645833333,12
79713,103113.40625,2
79714,135823.875,1
79716,85844.0,9
79718,7634846.745519166,12
79721,37140.0078125,8
79723,13979.8125,2
79724,1082005.40625,12
79725,30634.215909090908,11
79726,59958.7578125,12
79728,67950.18229166667,12
79730,2153312.40625,12
79731,29355.6875,12
79734,40497.013020833336,12
79740,325345.5625,12
79742,289858.80785833334,12
79745,49793.7421875,8
79746,371531.35452,5
79747,81646.109375,12
79751,432991.94444444444,9
79753,615002.16875,10
79754,,0
79755,53492.083333333336,3
79756,94187.25,12
79758,328624.640625,4
79765,183837.06770833334,12
79767,330678.3020833333,12
79769,157783.57291666666,12
79770,190497.19270833334,12
79774,22036.854166666668,12
79776,42159.236979166664,12
79777,584424.03125,12
79778,522877.7604166667,12
79780,195049.41145833334,12
79782,1248849.7604166667,12
79785,657696.6770833334,12
79788,1409189.984375,12
79790,101986.66666666667,3
79794,262074.85,10
79795,110744.296875,4
79796,1705014.9010416667,12
79798,283557.6302083333,12
79799,925560.3847650001,12
79802,226446.79545454544,11
79807,97473.09375,4
79808,886148.890625,12
79815,578274.6875,12
79819,111516.78125,8
79823,426479.390625,12
79824,290338.953125,12
79828,61240.45386166667,12
79831,,0
79837,60404.71875,3
79839,101853.02777777778,9
79841,749434.0989583334,12
79844,9449.151041666666,12
79845,15597.75,1
79846,120778.5625,1
79847,294140.65625,12
79850,76136.57954545454,11
79851,132561.48958333334,12
79853,98035.70833333333,3
79857,952142.3645833334,12
79859,529984.21875,12
79860,85145.40625,6
79861,,0
79862,200911.078125,12
79863,171920.5,1
79864,13734.046875,12
79866,82507.01041666667,12
79867,12072.385416666666,12
79868,662722.25,1
79873,57106.348958333336,12
79875,,0
79877,228627.35714285713,7
79878,256249.24013000002,12
79879,64769286.864073336,12
79881,176922.03125,12
79882,5729446.027503334,6
79884,139685.5284090909,11
79885,34769.044270833336,12
79890,117251.03645833333,12
79891,175552.83854166666,12
79893,158418.9375,12
79895,379206.1614583333,12
79896,,0
79897,770320.1197916666,12
79898,107471.671875,8
79902,206063.375,8
79903,1640379.6822916667,12
79906,2825418.4427083335,12
79908,1318670.6666666667,12
79909,145805.38541666666,12
79910,156204.5625,8
79912,97347.02083333333,12
79914,49135.416666666664,12
79915,1623223.1510416667,12
79916,58887.4,5
79917,42824.8125,12
79918,630472.6041666666,12
79919,3163257.8385416665,12
79921,434761.26136363635,11
79922,1958984.0,12
79923,56744.642857142855,7
79926,50112.03125,12
79927,105007.66666666667,9
79931,,0
79932,154858.22727272726,11
79933,159147.875,12
79935,838449.2890625,12
79943,121254.6,10
79944,9430.447916666666,12
79950,481322.53125,4
79953,285773.5,1
79954,64172.5,2
79956,944360.5166666666,12
79962,70021.10416666667,3
79963,109253.7,5
79964,36363.471354166664,12
79965,19178.763020833332,12
79969,82093.75,5
79971,161559.84375,12
79973,16146621.058816666,12
79976,137678.13541666666,12
79977,7163330.733211666,12
79981,,0
79988,67732.0,1
79991,4114801.078045,12
79993,229861.25,5
79996,2153558.0260416665,12
80000,60086.208333333336,12
80001,126722.8125,2
80002,10509.703125,12
80004,41649.296875,6
80006,66542.640625,12
80007,62486.432291666664,12
80008,139564.96875,12
80010,31422.916666666668,12
80012,172080.77083333334,12
80014,66554.68229166667,12
80019,493562.2291666667,12
80020,1271524.1041666667,12
80023,68860.38541666667,3
80024,8978.292065,12
80025,89311.35416666667,12
80028,288921.83769142855,7
80029,115676.16666666667,12
80030,399871.1640625,12
80031,37197.458333333336,12
80032,894516.0625,12
80034,133218.65364583334,12
80036,768140.6,10
80037,610717.2916666666,12
80039,454065.075,10
80044,24968.036458333332,6
80049,3393271.3645833335,12
80054,,0
80055,46275067.08460834,12
80069,,0
80070,4838602.932291667,12
80071,,0
80072,1591348.8645833333,12
80073,118393.94375,10
80075,849642.53125,12
80076,124776.90104166667,12
80078,82866.375,12
80079,1264400.3177083333,12
80080,3394825.28125,12
80081,148638.984375,12
80084,20340.953125,12
80087,31390.296875,12
80089,5410347.401041667,12
80090,170039.19318181818,11
80096,149937.47916666666,12
80098,200032.125,6
80100,4056851.9375,12
80102,549912.2864583334,12
80103,93646.2625,5
80104,734351.8697916666,12
80105,993614.375,3
80112,77873.25,12
80113,109385.65277777778,9
80114,14566028.096354166,12
80115,161697.43229166666,12
80119,,0
80121,116153.04166666667,12
80122,47878.278645833336,12
80127,2538059.4583333335,12
80128,440839.1822916667,12
80129,24614.809895833332,12
80130,298968.1875,12
80131,233460.45833333334,9
80135,1063480.09375,12
80138,,0
80142,36372.625,3
80145,261127.37896222222,9
80151,14032.307291666666,12
80153,591921.3125,12
80155,59972.015625,8
80156,,0
80159,43162.765625,12
80165,149579.703125,12
80166,68833.590245,12
80167,885066.3645833334,12
80168,17180.6484375,12
80169,164773.65104166666,12
80170,52668.0,1
80171,55516.78125,12
80173,73405.60416666667,12
80176,91492.1875,2
80178,605789.1458333334,12
80179,358841.2059808333,12
80180,323988.796875,12
80182,285607.5833333333,12
80183,410483.609375,12
80185,1804298.2604166667,12
80186,696255.40625,12
80190,391178.4791666667,12
80191,981630.4583333334,12
80193,202755.45833333334,12
80196,76775.1328125,12
80197,614303.7057291666,12
80200,462333.7395833333,12
80204,1978637.14125,12
80205,117608.17708333333,12
80206,406834.125,12
80207,109346.5,12
80209,466679.1041666667,12
80210,1099870.4947916667,12
80211,66957.88541666667,12
80212,587750.0989583334,12
80213,583815.09375,2
80217,37701.27777777778,9
80220,,0
80223,170710.21354166666,12
80233,103227.59895833333,12
80236,1162373.0265616665,12
80237,191923.6541109091,11
80239,74862.109375,12
80241,236390.10416666666,12
80242,57398.109375,2
80243,49151.30131833333,12
80248,2428340.2291666665,12
80249,305718.7760416667,12
80252,380263.5729166667,12
80254,230231.63020833334,12
80255,,0
80257,1322844.9604866665,12
80258,112107.0,4
80264,69867.0,1
80266,7529218.572916667,12
80268,20266.958333333332,12
80274,17286.0,3
80276,36627.5,10
80279,78572.671875,4
80284,456023.9375,1
80286,123159.55729166667,12
80288,5108.925408,10
80294,35825.989583333336,12
80297,1389684.8072916667,12
80303,1046729.0,12
80306,377430.2083333333,12
80307,3859568.6945833336,12
80309,41985.9296875,12
80310,139546.04861111112,9
80313,76069.1875,2
80316,851580.2784090909,11
80317,143756.75,5
80320,921988.9739583334,12
80324,,0
80326,17527.338541666668,12
80329,12273741.694673335,12
80332,415918.2421875,12
80334,226965.13541666666,6
80336,18642.1875,12
80338,23276.989583333332,12
80341,,0
80343,140682.5625,12
80344,96950.484375,12
80345,2237587.3333333335,12
80348,70284.25520833333,12
80351,,0
80352,346814.88194444444,9
80353,,0
80358,50137.453125,12
80360,66562.203125,12
80361,216036.89583333334,12
80362,235728.33854166666,12
80364,695680.4427083334,12
80368,15332.546875,12
80369,397540.0833333333,12
80370,86202.53125,12
80372,35296.25,1
80381,2806957.9479166665,12
80384,50882.708333333336,12
80387,367197.3333333333,12
80391,282837.0833333333,3
80392,79271.109375,4
80395,366028.21875,12
80397,128911.578125,12
80399,723936.9375,12
80401,281319.375,12
80404,99177.421875,4
80406,3428926.9947916665,12
80408,824273.4375,12
80409,2571210.3802083335,12
80412,64079.864583333336,12
80415,493860.2135416667,12
80416,110489.0625,12
80417,2308766.0208333335,12
80420,27802.772727272728,11
80421,47772.0,12
80422,1593204.1875,12
80423,157557.5,6
80424,424933.59375,12
80429,622494.7864583334,12
80430,42753.75,12
80432,1334230.0260416667,12
80433,,0
80438,10629.30625,5
80439,499308.1619318182,11
80441,1696889.9322916667,12
80443,111989.16964285714,7
80446,267116.325,12
80452,,0
80453,644090.359375,12
80454,45668.791666666664,3
80459,11897.028645833334,12
80460,60982.135416666664,12
80463,543962.7777777778,9
80466,76280.79166666667,6
80467,33363.969633333334,12
80469,607039.540545,12
80470,2036004.7447916667,12
80476,58362.479166666664,12
80477,32851.875,4
80478,16081.09375,12
80479,,0
80482,99485.9375,4
80484,138601.55208333334,6
80485,206358.1375,5
80490,1882553.171875,12
80495,80815.98958333333,12
80496,293216.0,1
80497,,0
80498,82375.609375,12
80504,1239212.5625,12
80505,1120183.043242857,7
80512,18741.9375,5
80515,8337556.494791667,12
80516,78156.15104166667,12
80517,37686.7734375,12
80520,8903.8875,5
80524,,0
80528,318463.6927083333,12
80532,306220.025,5
80534,87701.00520833333,12
80537,373175.8958333333,12
80538,484032.1328125,8
80539,1834731.0,12
80543,3336760.1666666665,12
80545,27626.90625,12
80546,52780.895833333336,12
80549,85122.36458333333,12
80552,39364.215625,10
80553,351918.0915716667,12
80555,,0
80557,213635.08125000002,12
80559,204800.65625,12
80560,723908.1875,12
80563,192909.29527416665,12
80565,96202.6875,1
80568,493117.73828125,8
80569,36805.083333333336,12
80570,833854.2708333334,12
80571,130503.66666666667,3
80573,662845.7604166666,12
80575,545264.4895833334,12
80577,413074.5,12
80579,78413.96875,12
80580,44945.142395999996,10
80584,131145.296875,12
80585,,0
80587,,0
80592,1246628.2708333333,12
80593,713198.49375,10
80596,2192676.0208333335,6
80597,43268.8984375,8
80599,12749650.830729166,12
80600,201567.46875,12
80601,35164.833333333336,12
80614,52284.77678571428,7
80621,166384.90625,12
80624,45915.1875,1
80625,53816.348958333336,12
80628,25379.34375,2
80629,495273.6041666667,12
80631,404474.2013888889,9
80633,52952.479166666664,12
80634,21981.61111111111,9
80635,685171.8888888889,9
80636,,0
80638,,0
80640,194303.73214285713,7
80643,439085.6197916667,12
80644,7849.1875,12
80652,320318.8802083333,12
80654,135012.609375,12
80655,81413.3125,1
80656,61333.59375,12
80658,,0
80659,46162.45,10
80667,,0
80669,27066.575,10
80670,431963.4375,2
80675,100331.71875,2
80679,459645.96875,12
80680,108272.76041666667,12
80681,819426.7291666666,12
80682,437482.7135416667,12
80683,1150316.0677083333,12
80684,1282892.953125,12
80685,122464.59375,10
80687,139796.4375,2
80688,1393691.46875,12
80690,47003.34375,12
80691,1731668.5208333333,12
80692,65446.796875,12
80693,44381.765625,12
80695,853339.9479166666,12
80698,,0
80699,7235527.9609375,8
80701,148448.22395833334,12
80702,342223.5660118182,11
80703,425339.51326833334,12
80709,440505.78125,2
80711,2900306.78125,12
80712,188593.515625,12
80713,351501.78125,8
80714,113373.875,12
80717,384865.0625,12
80719,117158.28125,12
80720,198820.0,2
80721,26878.71875,12
80723,579063.390625,12
80725,630714.078125,12
80728,71632.765625,4
80731,109232.6484375,4
80737,68004.921875,12
80738,27281.45,5
80740,394798.7916666667,12
80741,599672.375,2
80747,1176924.9895833333,12
80752,2983423.1979166665,12
80755,25535.02556818182,11
80759,351231.2864583333,12
80762,115070.25520833333,12
80763,67084.70454545454,11
80768,38926.510416666664,12
80770,,0
80774,174868.75520833334,12
80776,30029.109375,12
80778,493346.6510416667,12
80779,1538947.3333333333,12
80783,95614.45833333333,3
80784,614097.9166666666,12
80785,,0
80786,74312.5625,12
80787,179726.58166666667,6
80789,288462.75,2
80791,2063374.6697716666,12
80795,,0
80796,100610.5,2
80797,969019.7986111111,9
80798,126617.65104166667,12
80800,19334.21875,12
80804,6998.630208333333,12
80808,40766.348958333336,12
80810,,0
80812,31816.963541666668,12
80813,213863.5859375,12
80816,32172.072916666668,12
80818,19983.53125,2
80819,82412.3125,12
80820,423126.9895833333,3
80821,24493.7109375,8
80823,603479.8920454546,11
80827,162844.76041666666,6
80829,187170.45,5
80833,183708.15970545454,11
80834,134218.7215909091,11
80837,19817.875,12
80839,106479.1,5
80843,185289.828125,12
80846,291646.3125,2
80852,573650.7552083334,12
80855,35283.5,2
80856,25564.239583333332,12
80857,18490.580729166668,12
80858,872955.7102272727,11
80861,41715.104166666664,3
80862,62347.96875,12
80863,1103885.71875,12
80864,603859.890625,12
80866,438572.8125,12
80867,32450.057291666668,12
80900,,0
80913,2037124.1979166667,12
80918,305870.92613636365,11
80919,,0
80921,2235134.7245366666,12
80924,1740624.375,12
80926,177804.69791666666,12
80932,38246.25,1
80940,,0
80942,68786.63541666667,12
80943,495343.0208333333,12
80944,327806.015625,12
80946,,0
80948,33717.669270833336,12
80951,98394.19791666667,12
80957,1010839.6875,12
80958,31422.0,1
80960,22248.145833333332,12
80962,23336.51785714286,7
80963,1362699.1789883333,12
80964,107281.61843666667,12
80965,,0
80966,7413.75,1
80969,129308.33854166667,12
80971,36577.7258,12
80973,55533.6640625,12
80975,160078.078125,2
80979,31618.213541666668,12
80983,15203.125,2
80987,249178.17708333334,12
80990,57702.88352272727,11
80992,30765.0,5
80993,77611.734375,8
80997,,0
80999,19387.5,2
81001,212185.25,1
81002,90066.52083333333,12
81003,2125755.3333333335,3
81005,141821.28125,9
81007,1154413.4510425,12
81008,357971.6875,2
81009,21156.1875,1
81010,44251.100694444445,9
81011,,0
81013,281517.3177083333,12
81015,,0
81018,216795.6875,1
81019,34725.036458333336,12
81020,152365.14583333334,12
81021,82744.36458333333,12
81022,141487.078125,12
81027,402985.625,3
81028,10396.5,1
81029,3515.625,2
81030,48680.244791666664,12
81033,62804.03125,6
81034,49543.55,5
81035,155661.46875,12
81036,41819.322916666664,12
81038,313615.3958333333,12
81040,1117527.4166666667,12
81042,224984.13541666666,12
81043,686280.8958333334,12
81044,1531436.0833333333,12
81045,606391.6510416666,12
81046,145700.84375,12
81049,86073.08333333333,12
81050,118113.296875,12
81053,16421.791666666668,6
81054,370074.609375,12
81055,10392404.208333334,12
81056,79378.6484375,12
81057,,0
81060,32145.28125,6
81061,6891193.087291666,12
81062,10404.098958333334,12
81063,729146.9791666666,6
81066,541302.5566666666,12
81067,119515.796875,12
81071,220122.296875,12
81073,433311.9583333333,12
81074,49643.34375,9
81079,,0
81082,,0
81085,,0
81087,82524.64583333333,12
81089,258980.7750291667,12
81090,2088152.6666666667,3
81095,357598.6536458333,12
81097,556331.4739583334,12
81098,883366.7987158332,12
81100,,0
81103,27651.5,1
81105,25194.84375,12
81110,56818.57638888889,9
81113,67998.515625,4
81114,96226.20833333333,12
81116,1539362.1688833332,12
81119,379658.753335,12
81120,97616.875,12
81121,222739.359375,12
81123,549812.3697916666,12
81125,104025.95833333333,12
81126,17689329.979166668,12
81127,190077.54166666666,12
81128,442672.484375,12
81132,47930792.5,12
81133,1043133.9114583334,12
81135,,0
81136,,0
81137,113971.66666666667,6
81138,2490249.2447916665,12
81140,81372.375,10
81141,65712.29955333333,12
81142,328779.51136363635,11
81146,71526.80729166667,12
81148,62162.791666666664,12
81151,,0
81154,167846.140625,4
81156,52062.395833333336,6
81162,3915175.4739583335,12
81165,52026.135416666664,6
81172,1230662.3541666667,12
81173,1235036.9025,12
81175,89385.57291666667,9
81178,2233301.7135416665,12
81179,34959.375,7
81182,27118.75,12
81184,41941.546875,12
81188,24695126.010416668,12
81190,421147.8229166667,12
81191,2335578.25,11
81192,285257.34821428574,7
81193,3311611.425,5
81195,63569.86145833333,12
81196,87528.54166666667,3
81200,10996.565104166666,12
81201,53610.104166666664,12
81202,193276.42613636365,11
81204,,0
81206,22339.760416666668,12
81208,140233.86458333334,12
81211,6151.01761,10
81212,105129.05625,10
81214,64268.166666666664,3
81219,410090.6354166667,3
81220,1113528.5104166667,12
81222,601832.4739583334,12
81226,,0
81231,16678.5625,10
81237,,0
81240,166581.0625,3
81241,803118.262385,12
81242,38652.1875,11
81244,9995.723958333334,12
81246,92847.5625,3
81248,376518.828125,8
81249,1314167.076388889,9
81254,14183.316964285714,7
81256,556002.8958333334,12
81259,17342.567708333332,12
81260,31691.65625,12
81262,1979171.9791666667,9
81263,10014.2578125,12
81265,987880.0885416666,12
81266,,0
81268,12416.90625,12
81269,,0
81275,412301.51047499996,12
81278,152196.60416666666,12
81280,,0
81281,97779.54166666667,12
81282,632759.2760416666,12
81284,11017165.6875,12
81285,2981658.4427083335,12
81290,155805.1625,5
81291,9115.8125,12
81292,988859.984375,12
81293,200760.9,5
81294,307826.4791666667,12
81295,,0
81297,13410.796875,12
81298,21961.2890625,12
81299,75836.64583333333,12
81300,37007.663194444445,9
81301,1226588.0052083333,12
81309,130194.08318181819,11
81311,235560.33333333334,12
81331,1982.4895833333333,12
81469,407519.046875,6
81470,611573.5520833334,12
81472,14546062.5,12
81474,17161.182291666668,12
81475,118540.55,10
81480,28278.791666666668,3
81481,3687781.1302083335,12
81483,283006.6848958333,12
81486,104448.7375,5
81488,28289.40625,12
81490,34311.20945111111,9
81491,35358.75,2
81499,18907.234375,12
81501,2198047.9348958335,12
81502,762590.334375,10
81506,1048264.0572916666,12
81508,240861.96354166666,12
81509,20011530.989583332,12
81510,,0
81511,7920.486979166667,12
81519,132236.81640625,8
81521,552594.2708333334,12
81522,583323.4375,6
81523,1015869.375,3
81527,157735.92708333334,12
81528,56015.838541666664,12
81530,2467821.890625,12
81533,33231.859375,12
81535,141229.40625,2
81537,107256.42708333333,12
81539,1135539.25,12
81540,1637157.1770833333,12
81541,84044.0625,12
81544,9684.13595,12
81546,35585.8125,12
81547,2231919.3014008333,12
81548,,0
81549,30954.697916666668,12
81553,126543.98958333333,12
81556,11959.651041666666,12
81558,92982.67708333333,12
81560,53534.302083333336,12
81561,,0
81562,105952.875,9
81563,66130.525,10
81564,106182.09895833333,12
81565,16230.067708333334,12
81566,107517.984375,4
81570,82107.90625,4
81575,,0
81576,332656.8515625,12
81577,1061084.2261441667,12
81580,24521.73214285714,7
81581,,0
81586,57874.375,2
81587,60220.5,2
81590,17135.846354166668,12
81593,18562982.515625,12
81594,4835070.0,1
81596,,0
81598,440159.7083333333,12
81599,126099.23214285714,7
81601,14856.848958333334,12
81602,1363103.15625,3
81610,24991.979166666668,12
81614,13673.635416666666,3
81618,181055.875,1
81620,103511.05729166667,12
81621,1850820.4479166667,12
81624,19614.7304775,8
81626,58956.921875,12
81627,,0
81636,241764.57272199998,10
81638,70232.109375,4
81639,3886641.8740390004,10
81643,83231.25,2
81644,91408.203125,4
81647,70701.484375,12
81650,115306.90625,4
81652,51752.703125,12
81653,571140.1979166666,12
81654,1088532.9739583333,12
81655,2341042.34375,12
81656,101235.075,5
81658,12835.34375,12
81659,2372152.7708333335,12
81660,959716.640625,12
81661,901969.765625,12
81665,302035.05,5
81669,626601.875,12
81670,114889.8125,7
81672,69522.05729166667,12
81675,242634.34375,12
81677,541127.0697341667,12
81678,741952.7885533334,12
81682,506950.765625,4
81683,632083.925725,12
81686,37599.375,7
81687,63919.21875,8
81688,22415.684895833332,12
81689,371647.30658833333,12
81692,67579.88194444444,9
81694,62385.96875,9
81695,102139.80208333333,12
81696,9831262.313786667,12
81698,977104.9448766666,12
81700,10187.025,5
81701,28507.984375,4
81702,511554.5520833333,12
81704,72861.36979166667,12
81705,652651.9375,12
81706,19438.375,5
81707,223848.765625,12
81708,14433.984375,12
81709,15214.145833333334,12
81710,13097.955729166666,12
81712,1530657.28125,12
81713,210667.5,1
81715,49321.575,5
81718,11195.973958333334,12
81719,,0
81721,139672.61458333334,12
81725,152431.69010416666,12
81726,19397.619791666668,12
81727,4121.75,6
81728,,0
81731,7174.4609375,12
81736,954323.1770833334,12
81739,295192.956565,4
81740,426083.953125,12
81741,292337.625,4
81743,197858.578125,8
81746,52251.71875,6
81747,481140.83928571426,7
81750,815849.6888166666,6
81752,258081.81875,10
81754,453188.125,2
81755,22728.0,1
81756,3618659.15625,12
81758,140504.7142857143,7
81761,111069.75,8
81762,20194.84375,4
81763,78261.84895833333,12
81766,108174.30832499999,12
81774,992903.15625,12
81775,185007.83333333334,12
81776,1034417.9375,12
81779,45367.494791666664,12
81781,1039415.0677083334,12
81782,5726.729166666667,12
81783,31395.6,10
81784,1188118.0,12
81849,283421.9166666667,12
81850,84209.53125,1
81851,14621.885416666666,12
81854,715323.4583333334,6
81855,11515.197916666666,12
81857,3387169.1875,12
81861,81222.82291666667,12
81864,509975.84375,8
81865,17150.15625,12
81869,35145.375,2
81870,27858.6328125,12
81872,126604.21875,12
81874,135857.15625,4
81877,1480440.4296875,12
81878,115209.6125,5
81882,3892300.511070833,12
81886,266088.5279516667,12
81889,346759.890625,12
81890,397743.5,1
81891,,0
81893,30612.1875,3
81901,117773.0625,11
81903,373378.2916666667,12
81904,235348.85416666666,12
81909,297655.9974366667,12
81910,324825.3072916667,12
81912,4985979.130208333,12
81916,63218.454545454544,11
81917,1243046.671875,12
81918,11006.78125,12
81920,912951.4166666666,12
81923,10391.21875,2
81925,600085.578125,12
82107,1092548.3958333333,12
82155,148496.07172833334,12
82156,111601.325,5
82157,1275318.796875,12
82160,108309.140625,12
82162,4228.204861111111,9
82163,94152.46875,10
82165,37448.03125,1
82168,209247.5,1
82171,16221.090277777777,9
82172,139505.0625,2
82175,176203.0,1
82178,923937.6375,5
82179,191800.20833333334,12
82180,55845.776041666664,12
82181,50126.791666666664,3
82184,71625.52232142857,7
82186,,0
82191,79822.89838416666,12
82193,,0
82196,325538.84821428574,7
82201,284021.1822916667,12
82204,142084.91666666666,3
82207,180041.9921875,8
82212,515955.4791666667,6
82213,130000.35416666667,12
82215,,0
82218,19947.375,1
82221,33145.41071428572,7
82224,2805080.87804,5
82228,480127.7239583333,12
82229,173094.225,5
82232,5277822.567708333,12
82233,694095.3385416666,12
82234,76885.875,2
82235,300338.3072916667,12
82238,182187.0,4
82241,82904.29166666667,12
82242,36438.1171875,4
82248,439653.0625,4
82251,48285.677083333336,12
82253,50549.125,2
82255,3436414.099393333,12
82261,729115.9270833334,12
82263,12048.53125,12
82264,141410.12637666668,12
82265,162750.6875,10
82266,428159.9609375,8
82267,81633.7109375,8
82269,41738.125,1
82272,197389.05729166666,12
82273,65914.19791666667,12
82276,189842.528595,12
82279,46420.317708333336,12
82281,140036.6875,5
82285,708555.1796875,8
82287,192857.0234375,4
82288,193812.9375,1
82292,3055089.703125,12
82293,65930.271875,10
82294,78548.703125,12
82295,732936.4583333334,12
82296,63646.875,12
82298,5007481.317708333,12
82299,7463739.81875,10
82300,4756373.322916667,12
82301,1450048.5833333333,12
82303,1908033.3697916667,12
82304,377634.2447916667,12
82305,9264.041666666666,12
82307,782514.7410714285,7
82308,4171635.1458333335,6
82311,836165.53125,12
82326,101638.19791666667,6
82467,263793.79208,12
82469,58064.36167416666,12
82471,410659.81875,10
82476,,0
82480,26367.927083333332,12
82482,23923.5,1
82485,1156073.671875,12
82486,1927603.3645833333,12
82488,598180.7916666666,12
82489,2177659.859375,2
82491,29226.75,3
82492,145247.20555166667,12
82493,142058.69375,10
82494,,0
82496,93394.08333333333,9
82497,19772.489583333332,12
82501,97097.323225,12
82503,80130.336125,12
82504,115996.44270833333,12
82506,9794.526041666666,12
82508,1408504.9693991665,12
82511,161108.80729166666,12
82512,77544.34895833333,12
82513,807033.1302083334,12
82515,412795.1177475,12
82517,46237.34375,2
82521,719671.8489583334,12
82522,450916.71875,12
82523,,0
82526,51107.875,2
82530,80342.5375,5
82533,31758.0,1
82535,1085454.59375,12
82536,22795.5,1
82537,85769.8875,10
82540,422019.49103,12
82541,114549.64583333333,12
82542,41142.09375,12
82543,391867.2083333333,12
82544,63883.703125,4
82546,1539658.390625,12
82547,1298386.3177083333,12
82549,125092.11363636363,11
82550,63023.21875,10
82551,904267.1267708334,12
82552,22868.674066666666,9
82555,7622505.9406,12
82558,25745.639204545456,11
82562,3189002.3125,2
82564,73496.0078125,8
82565,363497.25,1
82566,825358.6125,5
82567,135757.1484375,12
82573,141069.27083333334,12
82575,165441.21875,12
82576,624917.0079209091,11
82581,806721.4987616666,12
82582,79510.30555555556,9
82583,653045.9739583334,12
82584,1430478.7418558334,12
82585,99778.15909090909,11
82587,70235.1328125,4
82590,225104.65625,8
82591,,0
82592,11907.56875,5
82593,39558.109375,12
82596,,0
82598,26282741.859375,12
82599,77969.46354166667,12
82604,419148.0859375,8
82605,581282.8958333334,12
82606,1583463.6197916667,12
82607,249470.04947916666,12
82613,416485.1145833333,12
82614,67417.32291666667,3
82615,32470.215277777777,9
82618,4446137.340543333,12
82619,1974003.8333333333,12
82623,,0
82631,89985.55729166667,12
82634,122755.9375,12
82635,654524.265625,12
82637,840134.90625,12
82638,56378.375,1
82640,2828381.5052083335,12
82642,5563329.354166667,12
82643,9192101.427083334,12
82644,50983.333333333336,6
82646,375133.01875,10
82647,26695162.291666668,3
82648,523771.7864583333,12
82649,225098.24479166666,12
82651,7810532.78125,12
82652,124910.47916666667,12
82654,16321788.541666666,12
82656,738358.0416666666,12
82663,252717.16145833334,12
82664,260032.515625,12
82665,72876.83333333333,12
82667,68926.0,1
82668,3117908.109375,12
82669,56957.6875,2
82670,28201.4375,2
82671,,0
82672,98735.03645833333,12
82675,47291.107142857145,7
82678,,0
82680,12490.953125,12
82681,437636.9072783333,12
82683,51728.390625,4
82686,7614752.515625,12
82688,117087.6875,12
82693,332082.1015625,8
82694,237866.14627416668,12
82697,963958.5625,12
82699,115874.46875,12
82702,164092.3203125,8
82703,431833.95,5
82704,311072.19216000004,7
82709,54536.36363636364,11
82712,63491.125,2
82713,159904.21875,3
82716,,0
82717,115219.94010416667,12
82718,42553.55,5
82719,4036206.228125,10
82720,981463.1770833334,12
82722,849577.4038,12
82723,69905.0,1
82724,197227.21875,12
82726,,0
82727,334571.6590909091,11
82730,66025.5546875,12
82731,22735.651785714286,7
82732,474481.1770833333,12
82733,50525.598958333336,12
82734,812677.7083333334,12
82735,35105.15625,6
82737,96881.1625,10
82738,89493.234375,4
82743,236354.68229166666,12
82746,73746.50568181818,11
82747,61829.45,5
82750,145702.1171875,8
82751,1020622.63125,12
82752,138121.140625,12
82755,1001858.78937,12
82759,183260.59375,2
82760,17388.6625,5
82762,531866.65,10
82763,23782.5,2
82766,684354.625,12
82768,51826.5,10
82769,168308.375,2
82771,291155.1171875,8
82775,12855631.828125,12
82777,584065.1510416666,12
82779,141102.41770833332,12
82780,148151.22916666666,12
82781,25760.041666666668,3
82784,995828.15625,12
82791,,0
82793,484384.109375,12
82795,122261.85416666667,12
82797,,0
82800,189461.89583333334,12
82802,277125.6640625,8
82804,212099.10937111112,9
82805,112758.625,12
82807,241401.0,1
82809,347702.5416666667,12
82810,760268.575,10
82811,605854.3229166666,12
82812,6978.40625,12
82813,46933.817708333336,12
82816,161164.06875,10
82818,376166.4583333333,12
82819,55363.5,3
82821,512520.7864583333,12
82822,,0
82824,,0
82825,265114.40625,1
82829,50542.1875,2
82830,459796.3541666667,12
82831,318145.6452683333,12
82832,5532118.6875,1
82833,514393.203125,12
82834,21321.5,3
82837,617053.9635416666,12
82839,239860.23958333334,12
82843,422548.5104166667,12
82846,191109.171875,8
82848,931678.5541666667,12
82849,46158.75,3
82851,212680.875,4
82855,652089.3516666667,12
82857,99288.6875,2
82859,141316.99375,10
82860,446790.5572916667,12
82861,52684.46875,12
82863,313518.2734375,8
82924,947206.9895833334,12
82932,233266.25,12
82959,3991225.484375,12
83011,1677772.4270833333,12
83030,1627307.4375,12
83106,57519.1875,2
83111,1137001.9635416667,12
83112,62910.052083333336,12
83113,764417.2604166666,12
83120,196974.54166666666,12
83121,369481.102286,10
83122,87665.4,5
83123,94246.69444444444,9
83124,2419777.1458333335,12
83125,38816.958333333336,12
83127,212246.3125,4
83128,226595.8625,5
83129,434557.59722222225,9
83130,1310649.34375,12
83131,189339.32291666666,6
83133,30220.677083333332,3
83134,135537.67361111112,9
83137,60772.1875,6
83138,44674.94806,3
83139,,0
83141,576313.1770833334,12
83142,270171.15,10
83143,1828002.671875,12
83145,65063.780020909086,11
83146,41078.0,1
83148,95005.265625,8
83149,494443.625,12
83150,,0
83151,469217.2447916667,12
83154,,0
83155,98029.63020833333,12
83161,652914.671875,12
83162,1028115.3331425,12
83163,1024382.046875,12
83167,,0
83170,228949.94375,10
83179,,0
83183,238203.73579545456,11
83185,70553.79166666667,3
83186,5825504.131639999,12
83188,772508.3333333334,12
83189,313973.1510416667,12
83190,273988.4947916667,12
83202,752394.9114583334,12
83203,14373.401041666666,12
83205,20672.338541666668,12
83206,93791.02083333333,12
83207,7971.541666666667,6
83208,54993.75,12
83209,10762.5,12
83210,10867.5,12
83211,14759.895833333334,12
83212,89754.515625,12
83213,109997.91145833333,12
83215,80963.1875,12
83216,105310.46875,12
83217,64096.875,12
83218,38531.03125,12
83219,24482.8125,12
83220,36077.734375,12
83221,102632.29166666667,12
83222,31445.932291666668,12
83223,25641.666666666668,12
83224,105342.1875,12
83225,792875.7135416666,12
83226,75120.484375,12
83228,355624.7339416666,12
83229,2987362.875,2
83230,140950.25,2
83231,836855.28125,4
83233,319191.4010416667,12
83234,44054.078125,4
83235,,0
83238,376940.25,12
83239,165911.625,1
83241,181884.09027777778,9
83244,240396.578125,12
83246,332490.9140625,8
83247,42005.25,1
83250,8775.9140625,12
83251,1805069.9426149998,12
83256,48491.125,3
83260,136573.5625,1
83264,351468.5104166667,12
83270,,0
83271,38069.854166666664,3
83272,91341.34375,12
83274,,0
83275,834672.468375,12
83279,402662.77345166664,12
83282,23496.5625,4
83283,384797.7291666667,12
83285,64701.895833333336,3
83290,84832.98958333333,6
83291,1611167.5104166667,12
83295,34773.75,3
83296,1693822.5,1
83297,68250.78256,9
83299,,0
83301,231714.296875,12
83304,665312.4375,12
83307,346934.65625,4
83308,,0
83309,89392.85625,10
83312,122420.625,1
83316,164223.7977425,8
83317,892358.1555616666,12
83321,156140.15625,1
83323,383995.5677083333,12
83326,1388346.5,12
83332,141133610.63020834,12
83333,1300235.8072916667,12
83334,96120.70833333333,12
83335,583.875,12
83336,1527.75,12
83341,2226877.5,3
83342,2508598.65625,10
83343,537938.625,2
83345,46998.0,1
83347,43141.453125,12
83349,147972.25,3
83350,8517.184895833334,12
83351,123990.63247499999,12
83354,2274704.84375,4
83356,46649.661458333336,12
83358,619777.4431818182,11
83359,,0
83360,,0
83363,67724.34375,10
83365,586488.9375,12
83366,441528.5729166667,12
83373,13221.03125,12
83375,15896.864583333334,12
83377,127858.7734375,12
83378,146947.5,1
83379,159876.65625,2
83382,99545.25,4
83383,80924.375,1
83386,24065010.39659,12
83387,5442.4765625,4
83388,49907.6640625,8
83390,51421.875,11
83392,6608522.195016666,9
83395,,0
83396,50478.583333333336,12
83397,124597.0,2
83398,289517.9375,6
83399,1104293.875,12
83402,15337.28125,12
83404,172111.6517857143,7
83405,3333186.94056,12
83406,42975.416666666664,6
83408,24957.083333333332,12
83410,51013.1171875,12
83411,,0
83412,338385.1354166667,12
83413,4697825.760416667,12
83414,211479.265625,12
83415,,0
83416,678255.8594191667,12
83418,267067.4479166667,12
83419,46770.125,3
83421,1307192.6302083333,12
83422,639985.1,10
83424,10103.807291666666,12
83429,125356.75,4
83430,189623.0625,1
83433,211527.6875,12
83434,34529.729166666664,12
83435,60215119.625,12
83436,51690.15625,2
83440,19731175.136363637,11
83443,10316029.28125,12
83444,26988.869791666668,12
83445,288378.3020833333,12
83450,42554.166666666664,9
83452,1163461.7239583333,12
83453,1575563.3541666667,12
83455,291545.5520833333,12
83456,215337.890625,12
83457,298855.7916666667,12
83458,29170.1875,12
83462,1085364.03125,12
83463,641061.5,12
83466,191481.23958333334,12
83467,58481.375,2
83469,39047.859375,12
83471,3612256.6,5
83472,245626.66666666666,3
83474,27104.59375,12
83475,620719.515625,12
83478,237646.828125,12
83479,73980.765625,4
83485,117828.90625,8
83486,83373.80208333333,9
83487,121316.05208333333,12
83495,596257.1227658334,12
83496,50880.931818181816,11
83499,124422.44444444444,9
83500,228816.0,3
83501,23269.53125,12
83503,84200.234375,12
83504,61422.6875,12
83508,13802.682291666666,12
83509,58841.520833333336,12
83514,17814.0,3
83517,150024.9375,2
83518,20271.041666666668,12
83520,274091.3541666667,12
83526,224056.65625,12
83527,125175.34943181818,11
83528,35457.145833333336,12
83529,30436.520833333332,3
83531,10391175.005208334,12
83532,,0
83533,85594.63541666667,12
83534,706122.984375,12
83535,619258.2395833334,12
83539,918870.65625,9
83541,233259.56770833334,12
83543,77674.39583333333,12
83546,18100.5,1
83547,35098.0,12
83551,676199.6927083334,12
83552,7784.794270833333,12
83553,2215196.9669675003,12
83554,1992291.9947916667,12
83557,79139.89322916667,12
83558,404061.71875,12
83559,90388.15104166667,6
83560,169351.77083333334,12
83561,,0
83562,1766.3958333333333,3
83563,25106.513020833332,12
83565,222951.1875,12
83566,159499.2109375,8
83567,395537.75,12
83568,379759.71875,12
83574,73364.975,5
83575,106622.02083333333,9
83579,150926.44375,10
83580,2808361.175,10
83581,3350039.5572916665,12
83582,574746.75625,10
83583,5402204.864583333,12
83587,81103.78645833333,12
83588,100254.88392857143,7
83589,964683.7395833334,12
83590,32713.354166666668,12
83591,48296.609375,12
83594,147565.6125,5
83595,150974.0284090909,11
83596,25802921.15625,12
83597,1035792.5502083334,12
83600,25937.5,1
83601,959140.6875,12
83602,866279.5572916666,12
83604,4243722.510416667,12
83610,9150.348958333334,12
83612,746954.4375,4
83613,,0
83615,4372955.288055,12
83616,4225924.270621667,12
83618,44292.0,1
83619,,0
83621,175403.42708333334,12
83622,314309.5052083333,12
83623,1869027.1770833333,12
83625,250378.30208333334,12
83626,,0
83628,26783.528645833332,12
83630,9822156.145833334,12
83631,60601.026041666664,12
83632,19945.625,4
83633,110344.81534090909,11
83637,75191.69270833333,12
83638,112554.9375,9
83639,15304931.669119999,12
83641,55631.354166666664,12
83642,62278.796875,12
83643,22081.1375,5
83645,11732.4375,2
83647,401007.53125,12
83648,,0
83650,935371.4661458334,12
83651,600391.1354166666,12
83653,66302.79166666667,3
83654,,0
83656,44534.572916666664,9
83657,740126.23125,10
83658,143470.04375,10
83659,98270.03125,6
83660,259400.61881,12
83661,67903.078125,12
83663,8515.0,2
83664,108338.80729166667,12
83665,42110.96022727273,11
83666,74231.4375,1
83669,90874.86875,10
83671,367618.9583333333,6
83672,9442.364583333334,12
83673,39754.010416666664,12
83674,11138684.5625,12
83675,169354.0375,5
83677,91490.72916666667,3
83678,62762.6875,2
83681,497398.875,10
83682,8898.046875,12
83683,63945.739583333336,12
83684,79883.1,10
83686,5497682.416666667,12
83688,322466.6979166667,3
83690,49172.03514,9
83693,30898568.375,12
83699,241593.5875,5
83701,26828.8125,3
83702,37102.197916666664,6
83703,92311.9375,10
83704,277056.4166666667,6
83706,546055.9895833334,12
83709,131631.38888888888,9
83715,8097194.270833333,12
83717,21243.432291666668,12
83718,897891.8958333334,12
83720,445782.1614583333,12
83721,202511.17708333334,12
83722,898023.0260416666,12
83723,100217.60416666667,12
83725,112184.23958333333,12
83726,243549.85416666666,3
83727,973274.9635416666,12
83728,1018497.5729166666,12
83729,18065.796875,12
83730,421322.7760416667,12
83732,121401.31875,10
83734,232777.571685,4
83738,68147.75260416667,12
83739,,0
83740,107150.98958333333,12
83741,38555.184895833336,12
83742,644234.9791666666,3
83744,3265652.18735,12
83750,,0
83751,,0
83754,10316.698266666666,12
83756,555751.7135416666,12
83761,413714.1458333333,12
83762,229523.19886363635,11
83763,193138.375,2
83764,5631.2112925,12
83765,22740.4140625,12
83770,20472.1015625,8
83774,221393.15104166666,12
83776,328391.5125,10
83777,129519.13541666667,6
83778,128655.8625,5
83779,312627.01201999997,7
83780,299625.6875,4
83781,49030.25,1
83782,81682.13541666667,6
83784,527779.4583333334,3
83786,,0
83789,106309.70874833333,12
83790,310014.3611111111,9
83794,148382.8125,5
83796,7360.977678571428,7
83799,363684.7733175,12
83800,55278.435819090904,11
83801,76464.0,1
83805,421504.5625,2
83807,445024.1666666667,12
83808,103750.89375,5
83810,137974.21875,6
83813,370426.58680555556,9
83815,222190.75520833334,12
83816,155285.15625,2
83817,90125.0,12
83820,560497.9322916666,12
83821,1234598.7083333333,12
83822,764049.9886363636,11
83824,161347.875,6
83825,214065.15625,12
83827,351897.6197916667,12
83828,636771.0260416666,12
83829,,0
83830,388415.0989583333,12
83831,45062.5,12
83832,155001.96875,12
83833,21061.708333333332,6
83834,84746.09895833333,12
83835,16241499.375,12
83836,,0
83838,75099.92361111111,9
83841,228370.59375,4
83844,855888.3489583334,12
83849,70040.03125,1
83850,257428.94952583333,12
83852,,0
83856,81355.625,1
83858,373338.1875,4
83859,151815.69375,10
83860,159697.85753666668,12
83861,,0
83862,5078275.072916667,12
83863,259503.409375,10
83865,,0
83866,133123.79166666666,12
83868,283480.0,3
83879,3174709.0,12
83882,,0
83883,110031.96875,2
83884,161251.734375,12
83885,420744.78125,12
83886,,0
83889,22845.825,5
83893,22589.200520833332,12
83895,49661.57142857143,7
83896,35898.0,1
83897,97428.875,12
83898,131221.95138888888,9
83900,,0
83901,,0
83903,73046.96354166667,12
83905,34082.333333333336,12
83906,372617.6067708333,12
83907,32908.78125,3
83908,146039.44375,10
83910,45024.130208333336,12
83914,,0
83915,261899.02083333334,3
83916,1841130.234375,12
83918,162526.10239833334,12
83922,260859.09375,6
83924,9438.3984375,12
83926,428490.9166666667,12
83928,1114326.2718733333,12
83933,31524.1875,1
83934,92526.00260416667,12
83939,289644.9583333333,12
83940,260750.20833333334,6
83942,382061.046875,6
83944,241892.765625,12
83945,92613.75,3
83946,308786.4114583333,12
83947,28853.25,3
83950,111494.05113636363,11
83954,7255.4765625,12
83956,83742.75,1
83957,21729.715625,10
83958,108035.921875,12
83959,173946.4375,3
83960,,0
83961,128938.52083333333,12
83963,353122.5625,9
83964,25803.833333333332,3
83965,208330.660008,10
83967,308589.5081916667,12
83968,,0
83969,52438.71875,12
83971,,0
83974,988490.0099308334,12
83976,1749226.484375,12
83978,17524.96875,12
83980,255484.33333333334,12
83981,9050784.619791666,12
83982,852482.53125,12
83985,670593.6927083334,12
83987,488228.7395833333,12
83989,101769.05208333333,12
83991,628376.4479166666,12
83992,97597.05208333333,12
83995,1131657.4479166667,12
83996,77265.125,12
83998,1698916.4375,8
83999,48317.625,1
84000,554718.9791666666,3
84001,6410477.520833333,12
84003,1363345.125,12
84005,20490927.918718334,12
84007,405107.9479166667,12
84008,719103.3792511111,9
84010,53705.03125,2
84013,1360187.9791666667,12
84015,1498927.6145833333,12
84016,194949.67708333334,12
84017,7270.104166666667,12
84018,,0
84019,100364.44791666667,6
84020,6160079.395833333,12
84021,41432.53125,12
84023,77799.28125,10
84026,163213.02083333334,12
84029,,0
84031,345398.253125,12
84032,2156391.6458333335,12
84033,876378.03125,12
84034,29187.0,1
84036,3627642.0,12
84037,38468.15625,12
84039,59304.515625,4
84040,215514.29861111112,9
84041,258135.53125,12
84042,168760.17708333334,12
84044,1092790.95648,12
84045,68823.5625,1
84046,677781.3958333334,12
84047,3419129.9279616666,12
84050,,0
84051,52311.84375,2
84052,271130.5208333333,12
84056,51180.375,2
84057,57081.854166666664,6
84058,27216.020833333332,12
84060,1037217.9140625,12
84063,22253.924479166668,12
84069,159089.828125,12
84073,399834.8854166667,12
84075,642830.92348,12
84076,90347.41071428571,7
84078,100835.875,1
84083,26137.0625,6
84084,153202.390625,12
84093,128021.00625,5
84094,124190.28125,2
84096,155785.8125,3
84098,532232.2953066666,12
84099,7249.0,2
84102,41653.59375,12
84103,427435.9375,4
84104,12750.8125,10
84107,1635082.4895833333,12
84108,55189.713541666664,12
84110,77183.72916666667,12
84111,299156.56875,10
84112,417374.15625,12
84113,91381.08854166667,12
84114,474011.5885416667,12
84116,50952.432291666664,12
84117,1834793.046875,12
84118,46697.986979166664,12
84120,200346.625,3
84122,24401.6875,12
84125,161710.09375,2
84129,4326423.5381,12
84130,151619.65277777778,9
84131,22894.260519166666,12
84132,,0
84133,147493.85,5
84134,121869.875,12
84136,859155.03125,12
84138,25713.021875,10
84140,46283.9453125,12
84142,91476.71875,2
84144,111178.35416666667,3
84146,106507.8125,2
84147,1290698.9715909092,11
84148,200761.1015625,8
84155,1552695.9114583333,12
84158,39830.786458333336,12
84159,98985.9625,5
84160,9258.838541666666,12
84161,688135.4427083334,12
84162,36393.046875,12
84163,1726220.390625,12
84165,1056040.8854166667,12
84167,65544.52083333333,9
84168,1087448.09375,12
84169,1079778.0416666667,12
84172,216285.69886363635,11
84173,815056.140625,12
84174,61015.045454545456,11
84176,3042569.8802083335,12
84177,6421.671875,12
84178,2224.4114583333335,12
84179,485123.125,12
84181,3271325.3333333335,12
84184,,0
84185,,0
84186,65576.875,1
84191,561323.5416666666,9
84192,863667.859375,12
84193,34140.208333333336,12
84194,10530.520833333334,12
84198,236761.33333333334,12
84199,19188.0,3
84200,131386.4140625,4
84204,20745.338541666668,12
84206,211811.375,12
84207,367807.9375,12
84208,,0
84209,96890.75,4
84210,1080581.53125,12
84212,,0
84214,197700.76338285714,7
84215,37279.13888888889,9
84216,52489.28125,4
84218,14636.875,1
84219,80130.08333333333,3
84220,644845.0,7
84222,445997.7552083333,12
84223,314047.002055,10
84224,263375.3125,10
84226,931746.34375,12
84229,46576.583333333336,3
84230,79385.4140625,8
84231,335991.88916333334,12
84232,187054.8722191667,12
84234,211898.68633000003,12
84235,,0
84237,23486.5625,4
84238,621701.3541666666,12
84239,106837.23828125,8
84240,47091.6875,12
84241,158404.75,1
84243,182168.58333333334,12
84244,17631.375,2
84247,1002052.175,10
84249,15408.5546875,12
84250,437571.9479166667,12
84252,,0
84253,73128.33482142857,7
84254,559644.0833333334,12
84255,673916.92573,12
84258,,0
84260,47799.395833333336,3
84262,539114.1822916666,12
84263,301444.2291666667,12
84265,86462.02777777778,9
84266,116943.75,3
84268,39056.194444444445,9
84274,189709.3125,8
84275,253682.671875,12
84276,54954.424479166664,12
84277,57631.65625,8
84279,415818.63920454547,11
84280,76413.609375,4
84281,487401.811125,12
84282,102214.75,6
84283,1565596.2708333333,12
84290,,0
84291,177152.725,10
84293,21272.348958333332,12
84294,27870.420454545456,11
84295,16539.052083333332,12
84296,62523.536458333336,6
84297,1311326.529725,12
84300,17029.291666666668,3
84301,92867.03125,3
84302,21555.75,2
84303,5338.779090909091,11
84306,21043.546875,12
84307,37744.67857142857,7
84309,19134.578125,8
84310,,0
84311,16711.666666666668,3
84312,650746.859375,4
84313,8285.4765625,12
84317,63732.97222222222,9
84319,108646.0625,12
84320,951215.6,10
84324,,0
84326,272459.7838541667,12
84327,377347.0104166667,12
84328,256778.6875,12
84329,1062754.5397727273,11
84330,2940267.9140625,12
84331,12296.859375,12
84332,,0
84333,92237.91666666667,3
84335,,0
84338,270183.1614583333,12
84339,,0
84341,30100.796875,4
84342,6028770.145321667,12
84344,272827.734375,12
84345,38608.875,4
84348,516789.3489583333,12
84349,,0
84351,,0
84352,149701.703125,12
84358,61244.375,3
84362,44385.354166666664,12
84363,230642.55208333334,12
84364,592894.7447916666,12
84365,259568.36458333334,12
84366,222180.0,2
84368,154681.796875,12
84369,49984.109375,12
84372,3898891.1197916665,12
84373,3748185.5885416665,12
84375,245491.8125,9
84376,164130.34635416666,12
84381,7510215.703125,12
84382,342341.9114583333,12
84383,1239027.5625,12
84385,751948.0014583333,12
84386,74958.78645833333,12
84388,120170.64583333333,12
84389,116950.390625,12
84390,85094.25520833333,12
84392,650224.6927083334,12
84393,178632.0,1
84394,31878.6875,6
84395,248232.58333333334,12
84396,1938650.3984375,12
84397,21504.90625,4
84398,16452913.460696667,12
84400,154862.875,12
84402,194752.39583333334,12
84403,369922.5520833333,12
84404,9943.760416666666,12
84405,49453.421875,4
84406,598604.3697916666,12
84407,50653.44994833333,12
84408,78861.01041666667,6
84409,10674.346354166666,12
84411,61975.9375,6
84413,675450.0208333334,12
84414,485124.5284090909,11
84415,69890.625,12
84416,267438.109375,12
84417,21579.7578125,12
84418,1393564.5,1
84419,30772.395833333332,3
84420,172418.828125,12
84426,43732.55227818182,11
84427,69191.734375,4
84428,165281.91145833334,12
84431,954448.3645833334,12
84432,162878.375,11
84434,43463.291666666664,3
84435,1280808.44046,12
84436,53386.453125,4
84438,49315.130208333336,12
84439,768257.4166666666,12
84441,,0
84442,80967.91666666667,12
84508,39843.822916666664,12
84509,16372.125,1
84510,807467.2708333334,6
84512,6958.194444444444,9
84514,493790.8125,12
84516,207696.25,12
84519,22381623.28125,12
84520,,0
84521,,0
84522,119168.9453125,4
84525,1942371.15625,12
84526,156564.69602272726,11
84527,381182.15,5
84529,213567.11458333334,12
84530,90711.75,1
84531,59514.552083333336,12
84534,45167.6258975,8
84535,150047.60416666666,3
84536,21878.323863636364,11
84540,112013.125,2
84542,255461.95542500002,12
84543,773286.6041666666,12
84544,496099.125,12
84546,,0
84547,87867.8125,2
84548,24909.125,2
84549,61757.70738636364,11
84552,44701.71875,2
84553,108206.07209111111,9
84554,42231.756944444445,9
84555,104190.359375,12
84556,,0
84559,82120.78125,12
84561,617450.0,12
84563,180048.37326166665,12
84565,84861.4296875,8
84566,330600.0,12
84569,648173.5694444445,9
84571,1328977.765625,12
84572,27384.166666666668,3
84574,25499.8125,1
84576,19652.114583333332,12
84578,21040.114583333332,12
84580,200625.21875,4
84581,114171.41666666667,12
84584,423865.6041666667,12
84586,150109.1875,3
84588,502293.828125,12
84589,37591.239583333336,6
84590,,0
84592,748351.6354166666,12
84595,158847.046875,12
84596,89081.0625,2
84597,2310209.5281841666,12
84599,581424.5885416666,12
84600,,0
84603,8638.34375,12
84604,958178.4196308333,12
84605,84551.66666666667,9
84606,131556.64204545456,11
84607,1448507.4881116666,12
84611,65465.838541666664,12
84612,,0
84616,267874.3177083333,12
84619,,0
84620,316849.796875,12
84621,118753.33333333333,12
84623,12022.794270833334,12
84624,2928122.1521949996,12
84625,184465.0,2
84627,178767.875,2
84635,,0
84636,136355.578125,12
84638,43200.0,1
84640,754693.09375,12
84642,73337.25,1
84644,832348.8958333334,12
84646,33156.25,10
84651,146155.00520833334,12
84656,2440684.0625,12
84657,89534.15625,4
84658,2201424.74375,5
84659,401045.9322916667,12
84660,170214.13541666666,12
84661,145271.83333333334,12
84663,1344010.3958333333,12
84668,126738.7,5
84669,216173.46875,12
84720,89384.90625,8
84721,20394829.135416668,12
84723,,0
84725,30916.890625,12
84731,83336.6875,3
84732,14231.041666666666,6
84733,21711.880208333332,12
84734,161217.63020833334,12
84736,105733.2734375,12
84737,177738.38020833334,12
84738,29024.763020833332,12
84740,17069.528645833332,12
84746,330310.046875,12
84748,299368.953125,2
84749,66000.38541666667,12
84750,207473.72916666666,3
84752,65814.625,1
84753,230252.5,3
84754,16746.9375,12
84755,3834148.1614583335,12
84756,13900.502604166666,12
84757,,0
84759,21233.841145833332,12
84761,329773.18217,12
84766,474353.4947916667,12
84767,477122.40625,12
84768,109067.15049999999,10
84769,2149876.4322916665,12
84771,,0
84772,10078.979166666666,12
84775,1461248.4635416667,12
84776,269862.5852272727,11
84777,274615.9166666667,12
84778,1155015.3875,5
84779,710640.640625,12
84780,,0
84781,171925.47916666666,12
84787,1027657.03125,12
84788,15400619.088541666,12
84793,140753.0,8
84796,151613.1328125,8
84800,64547.22222222222,9
84802,38986.958333333336,3
84803,27950.627840909092,11
84805,287528.234375,4
84806,50183.947916666664,12
84808,181556.91145833334,12
84809,14372.140625,12
84810,,0
84813,,0
84817,2253926.2708333335,6
84819,33804.51875,10
84820,97085.83854166667,12
84823,192999.41875,10
84825,17829.221354166668,12
84826,88669.25,3
84827,5838166.630208333,12
84828,1081714.8177083333,12
84829,,0
84834,261488.44791666666,12
84836,6055223.0625,12
84837,24125.0,12
84839,257241.678125,10
84911,,0
84997,1105636.8697916667,12
84999,180881.25,1
85001,130258.75,4
85002,174878.13068181818,11
85004,159715.02430555556,9
85006,,0
85010,,0
85011,772006.8125,12
85013,128330.36197916667,12
85016,126436.1875,9
85018,84622.29166666667,3
85019,37989.583333333336,6
85021,63956.171875,4
85023,227697.23958333334,6
85025,150349.17670333333,12
85026,1137249.54378,12
85027,56109.107142857145,7
85028,53518.3125,1
85029,112921.6875,12
85030,139665.65625,2
85031,220820.484375,8
85032,54772758.963541664,12
85035,6767466.5,12
85038,116036.36111111111,9
85040,,0
85042,148788.45833333334,3
85043,383277.5833333333,3
85044,,0
85046,235730.0892857143,7
85047,41793.489583333336,12
85048,,0
85051,126013.61979166667,12
85057,15382.28125,8
85058,2573965.109375,12
85059,241014.57142857142,7
85062,192281.71875,10
85064,28309.052083333332,12
85065,35092.0125,10
85067,569151.5260416666,12
85068,19969.65625,4
85069,65094.625,4
85071,,0
85072,556280.5729166666,12
85073,13733243.380208334,12
85074,110700.77083333333,12
85075,87000.75,2
85077,558488.0104166666,12
85079,147772.54166666666,12
85080,3958368.4895833335,12
85081,2628496.1927083335,12
85082,331189.3125,12
85085,2737205.775,10
85160,6973779.12646,12
85161,138727.55625,10
85165,80399.88888888889,9
85166,281544.9431818182,11
85168,755393.0208333334,12
85169,55011.432291666664,12
85170,66033.74305555556,9
85172,5177309.625,12
85173,245638.71545666666,12
85174,63205.24928,4
85175,268804.6875,9
85177,331622.6423611111,9
85178,18361.216145833332,12
85179,16167.015625,12
85180,295719.9125,10
85181,84691.61458333333,12
85182,868392.1354166666,12
85183,33954.916666666664,12
85184,92419.734375,4
85188,53945.125,1
85190,40167.75,1
85192,337506.874605,8
85194,11368.8359375,12
85196,318245.0885416667,12
85197,70930.65625,6
85198,55577.8125,12
85202,24216.075520833332,12
85204,43676.140625,4
85206,91312.109375,12
85208,,0
85209,49156.703125,12
85211,537689.34375,12
85212,92127.32291666667,12
85217,327213.9375,4
85218,1197250.48125,10
85221,812028.75,12
85222,75613.11406,6
85223,75804.0625,4
85224,48964.40625,2
85227,,0
85228,51199.958333333336,12
85231,1662578.796875,12
85232,2478035.7135416665,12
85234,606707.75,1
85235,39480.734375,12
85237,415646.1875,12
85238,8094504.020833333,12
85239,1847281.8541666667,12
85240,1855865.7447916667,12
85242,34194.9375,2
85243,18442.9375,8
85245,487462.984375,6
85246,426668.6614583333,12
85247,264854.7375,5
85248,189871.38020833334,12
85249,620979.875,1
85250,9782.046875,12
85253,57253.73611111111,9
85254,1970.4635416666667,12
85255,1677500.7916666667,12
85256,522994.9375,12
85257,669789.9166666666,12
85259,3625384.4375,12
85260,49981.875,9
85261,295050.703125,8
85264,458064.1145833333,12
85265,632379.5677083334,12
85266,1418443.8802083333,12
85267,580362.375,12
85268,99618.25,5
85269,1783507.9947916667,12
85270,,0
85271,531316.1822916666,12
85272,43845.699161818186,11
85277,2353890.45,5
85280,121738.453125,8
85281,81472.7109375,12
85282,140681.55989583334,12
85289,,0
85291,168139.53645833334,12
85292,318849.1614583333,12
85293,489726.6822916667,12
85294,262005.84765625,8
85296,54837.296875,4
85298,110031.4375,12
85299,74237.61979166667,12
85303,39029.5,3
85304,317608.75439666666,12
85309,78379.43055555556,9
85311,340343.0963541667,12
85314,277404.03125,4
85315,82405.65,10
85317,13264.294270833334,12
85319,417878.50166916667,12
85320,46559.919642857145,7
85322,93766.26951,8
85323,364201.015625,12
85325,77133.828125,12
85326,242143.7578125,8
85331,749918.5104166666,12
85332,52431.40625,12
85333,223393.79166666666,9
85334,759571.421875,12
85338,106429.46875,2
85339,283865.75,12
85340,359711.9166666667,12
85342,2053134.109375,12
85343,953597.8333333334,12
85344,874715.9739583334,12
85346,158547.66666666666,12
85347,188745.75,10
85348,4443995.921875,12
85349,1018259.8645833334,12
85350,21709.59516,10
85351,222725.884375,10
85353,719382.25,12
85354,48168.09375,2
85355,1878220.3645833333,12
85356,68870.83333333333,3
85358,199112.26822916666,12
85360,406731.5,1
85361,109723.61458333333,12
85364,,0
85370,17903.6953125,12
85373,62467.5625,12
85374,1048738.90625,12
85376,119511.23958333333,12
85378,53802.213541666664,12
85380,2555006.3958333335,12
85382,286695.3229166667,12
85384,440933.3125,12
85385,10115727.559888,5
85388,7569141.3630966665,12
85389,,0
85390,550925.5104166666,12
85393,641493.9791666666,12
85394,219323.5625,12
85395,137479.59375,6
85396,2407239.265625,12
85397,87387.909375,10
85401,44875.5,2
85405,62070.953125,12
85406,28422.3125,12
85410,77403.51041666667,12
85411,412798.6145833333,12
85413,45692.625,4
85414,119782.421875,12
85415,99950.5,3
85416,408819.0364583333,12
85418,106811.91666666667,12
85420,260900.84458333332,12
85421,3467985.484375,12
85423,300644.328125,12
85424,659795.0833333334,12
85425,334169.9947916667,12
85426,810740.1041666666,12
85427,240038.0,12
85429,193862.640625,12
85431,489228.4166666667,12
85434,63981.588541666664,12
85439,45526.98863636364,11
85440,225019.859375,12
85441,29179.046875,12
85442,2721173.4322916665,12
85445,600296.03125,8
85446,86114.34375,12
85449,389789.0,9
85452,51388.65542916666,12
85453,12343.125,1
85454,64945.125,2
85456,761787.4097222222,9
85457,16250.400864000001,10
85458,409496.171875,12
85459,2199921.2604716667,12
85460,70579.89583333333,12
85461,93953.3625,10
85462,301165.359375,12
85463,855605.6979166666,12
85464,173129.96306818182,11
85466,79996.02083333333,3
85467,79196.91666666667,12
85468,65992.21875,12
85470,323296.875,2
85472,177651.67708333334,12
85473,1195655.4866208334,12
85477,179653.84375,4
85479,13620638.404368334,12
85480,777753.0698866667,12
85481,1853989.048611111,9
85482,38880.99107142857,7
85485,139353.5,3
85486,133326.5625,2
85488,89239.11979166667,12
85489,,0
85491,36692.5546875,12
85492,35656.875,1
85495,1021564.5572916666,12
85496,582809.0260416666,12
85498,,0
85499,68216.15625,1
85500,23459.25,5
85501,471636.39285714284,7
85502,896584.8541666666,12
85503,20232.57986111111,9
85504,78820.3125,3
85505,179157.54166666666,9
85506,28190.276041666668,12
85507,,0
85508,,0
85510,82715.23841666667,12
85511,903129.0833333334,12
85512,120426.48958333333,12
85513,51435.0,2
85514,160144.25,2
85516,3130522.0424325,12
85517,663332.3177083334,12
85518,286868.4010416667,12
85520,28201.520833333332,9
85521,150554.36979166666,12
85522,17264515.951635,12
85523,26570.125,4
85524,114499.1875,4
85527,30406.975,5
85528,36966.125,12
85529,21816.0625,10
85531,264482.609375,12
85532,259358.8125,1
85536,40625.7,5
85537,95897.09375,12
85539,47441.541666666664,6
85542,,0
85544,150955.66875,10
85545,594703.125,4
85548,37624.5,1
85549,928256.7239583334,12
85550,74833.06875,5
85552,,0
85553,31588.824596,5
85555,164620.9375,2
85556,202032.89583333334,6
85557,22688.072916666668,12
85559,19357.29375,10
85560,1649764.2916666667,3
85561,82009.4625,5
85562,27641.25,1
85563,,0
85564,146461.6125,5
85565,149282.45844333334,12
85567,99972.83333333333,12
85570,324916.0989583333,12
85571,437529.4114583333,12
85572,19471.78125,2
85574,533602.34375,2
85576,6578191.06699,12
85579,495532.875,12
85581,910884.003125,10
85582,104416.35416666667,12
85584,,0
85586,23940.743513333335,12
85587,47713.398015,8
85589,42820.25,6
85590,109900.5,12
85592,1938989.9791666667,12
85593,1046390.7291666666,12
85597,,0
85599,4550330.182291667,12
85600,1750621.71875,2
85602,297567.5052083333,12
85603,121202.25,3
85604,186628.953125,12
85606,407595.2361111111,9
85608,233831.20833333334,12
85610,1965619.1,5
85611,436798.8125,10
85612,348317.5833333333,3
85613,1327232.5357142857,7
85616,37632.875,12
85617,1308206.59375,12
85620,4764470.197916667,12
85621,1628817.7760416667,12
85622,66719.73177083333,12
85624,230560.98958333334,12
85625,526262.125,12
85626,475319.3697916667,12
85627,280078.890625,12
85629,434972.296875,12
85631,1843962.5625,12
85633,343021.546875,12
85635,719402.203125,12
85636,11560181.901041666,12
85639,47046.356041666666,12
85640,628506.828125,4
85641,37700.890625,4
85645,878669.9635416666,12
85646,140320.13541666666,12
85647,443685.203125,12
85649,19680.3375,10
85653,120522.72916666667,12
85654,2091276.6458333333,12
85656,52528.598958333336,12
85658,2503702.2395833335,12
85659,36009.104166666664,12
85660,131853.34375,8
85661,683014.09375,12
85662,,0
85663,1276227.4895833333,12
85668,1092871.5833333333,12
85669,36297.1953125,12
85670,,0
85672,29162.583333333332,6
85673,287594.234375,8
85675,98018.953125,12
85676,44566.471354166664,12
85678,55822.354166666664,12
85679,14669.958333333334,12
85680,30603.393451666667,12
85683,165248.77272727274,11
85684,155323.75,3
85685,72990.0,1
85686,39847.9375,2
85687,645877.8229166666,12
85688,70318.9375,2
85690,102092.97916666667,3
85691,218471.63194444444,9
85693,12599.033854166666,12
85694,181666.08854166666,12
85698,334066.8333333333,12
85699,370833.2552083333,12
85700,57609.27678571428,7
85701,3610378.0,12
85702,79388.2109375,8
85703,289158.5192516667,12
85704,36724.666666666664,6
85705,12589.171875,2
85706,110647.125,2
85708,18820.885416666668,12
85710,611893.6927083334,12
85711,145933.79166666666,12
85713,65786.00390625,8
85714,47784.052083333336,12
85715,823767.9635416666,12
85716,69040.84114583333,12
85717,28864.078125,12
85719,2898532.59375,2
85720,73288.3625,5
85721,62487.552083333336,12
85722,1999264.112918889,9
85723,47937.21875,8
85724,527044.0208333334,12
85725,56240.010416666664,12
85728,77193.43229166667,12
85729,63709.03125,12
85731,81188.02083333333,12
85732,38264.078125,8
85735,51250.0,3
85736,18960.2109375,12
85738,760458.265625,12
85740,24911.151041666668,12
85741,57450.453125,12
85743,6333.25,2
85748,35875.515625,12
85749,176531.48958333334,12
85750,,0
85751,53662.40625,12
85752,13625.65625,12
85753,24403835.098958332,12
85754,10863.375,2
85755,85061.60416666667,3
85756,11614.814853,10
85757,10675.210227272728,11
85759,,0
85761,785560.5364583334,12
85763,485823.78125,12
85765,1036636.9791666666,12
85766,45906.375,1
85767,849519.7375,5
85768,242484.55555555556,9
85769,3090689.765625,12
85770,301182.4427083333,12
85771,76077.21875,12
85772,70044.49145833333,12
85775,25367.819444444445,9
85777,3685.4739583333335,12
85779,136938.75,2
85781,346092.48214285716,7
85785,349655.2239583333,12
85786,459724.984375,12
85789,942598.640625,12
85790,101671.5,1
85792,2222358.328125,12
85793,367448.3802083333,12
85796,410550.0625,12
85798,12418.041666666666,12
85800,,0
85801,36260.1125,5
85802,336402.0885416667,12
85803,174817.40104166666,12
85806,278623.2339708333,12
85808,295961.25,2
85809,40382.175,5
85813,30319.317708333332,12
85814,305047.3489583333,12
85816,5493251.026041667,12
85817,78876.5625,12
85819,97175.0,3
85820,90476.75,2
85822,229120.3465909091,11
85823,18150.0,1
85824,1730191.4427083333,12
85825,328096.669525,12
85827,2945534.3828125,8
85829,42115.557291666664,12
85830,66064.875,2
85832,152419.875,12
85836,4545344.34624,12
85837,147265.34895833334,12
85838,162955.4140625,8
85840,333513.4583333333,12
85843,561961.5208333334,12
85847,95687.4609375,12
85849,15506.583333333334,3
85850,74717.90625,2
85851,230387.625,1
85852,,0
85854,950564.0138888889,9
85855,91819.38541666667,12
85856,61061.90625,12
85857,40550.4375,12
85858,,0
85859,45820.067708333336,6
85860,293699.0520833333,12
85861,85111.97916666667,12
85863,856517.5729166666,12
85864,1686177.9453125,12
85865,20635.875,1
85866,55187.0,1
85867,253729.00625,10
85868,606522.8125,1
85870,19025467.973958332,12
85871,325457.03064666665,12
85872,,0
85873,55285.786458333336,12
85874,13337.666666666666,12
85875,704132.046875,12
85876,854952.9375,12
85879,3557788.2023050003,12
85880,122351.234375,12
85881,278468.9375,7
85882,82656.25,12
85883,33557.734375,12
85884,,0
85885,5973.98485909091,11
85886,817466.6989541667,12
85888,359087.7604166667,12
85889,313727.703125,12
85890,62080.520833333336,12
85891,50682.6796875,8
85893,224941.39285714287,7
85894,551210.1666666666,12
85895,415329.6458333333,12
85896,159118.125,12
85898,350347.984375,12
85899,42982.291666666664,12
85900,292710.15625,8
85902,349958.515625,12
85903,108074.61458333333,12
85904,115972.14583333333,12
85905,479700.6041666667,12
85908,738698.5416666666,9
85909,26205.75,2
85913,8728115.322916666,12
85914,12005180.6875,12
85915,84916.59375,2
85916,389553.9375,12
85917,123244.796875,12
85918,186403.31770833334,12
85919,125632.5,3
85922,191755.8845116667,12
85925,383385.1666666667,12
85926,4053727.3072916665,12
85929,1029362.484375,12
85931,1262432.8773766665,12
85932,18610.4453125,12
85933,823112.2135416666,12
85934,390802.25,12
85935,46945.73611111111,9
85939,82786.203125,12
85941,75384.89583333333,12
85942,536985.3125,12
85943,46981.020833333336,12
85944,415582.6145833333,12
85945,103897.60416666667,12
85946,36113.392857142855,7
85947,233845.24479166666,12
85948,194299.2734375,12
85950,56509.927083333336,12
85952,555497.5178571428,7
85953,369692.8,10
85956,1301081.388888889,9
85958,71784.375,6
85959,53333.838541666664,12
85960,645867.1875,12
85961,700163.4583333334,12
85962,211772.5,1
85963,23952631.96875,12
85964,77211.796875,4
85965,155702.625,1
85966,48078.229166666664,12
85968,25197.763020833332,12
85969,125564.6125,5
85971,229269.9,10
85972,143885.53125,12
85976,17224.580729166668,12
85977,38682.125,3
85978,356957.801545,12
85979,187548.38392857142,7
85980,46650.434895833336,12
85982,59432.4453125,12
85983,68397.53571428571,7
85986,246261.52604166666,12
85990,32128.40625,2
85991,27927100.961341668,12
85992,888043.7581099999,12
85993,142102.75,4
85994,245021.8203125,12
85995,572927.3229166666,12
85996,45566.058840000005,12
85998,161526.290625,10
86001,440119.453125,8
86002,2640949.9910714286,7
86003,236448.8125,12
86004,65343.260416666664,12
86005,63707.9375,6
86008,75572.55208333333,12
86011,25406.95625,10
86013,113089.234375,12
86017,55754.795454545456,11
86018,1078168.484375,12
86021,1885188.78125,12
86023,146443.24479166666,12
86025,115467.1875,3
86026,125206.765625,12
86027,123570.56818181818,11
86028,114728.95833333333,9
86033,769966.3020833334,12
86034,345424.7916666667,12
86038,111611.22916666667,12
86039,,0
86041,3798290.7430555555,9
86043,114181.1875,3
86045,67270.15625,4
86046,101487.29166666667,12
86047,4922168.805188333,12
86048,768256.6079545454,11
86049,84540.0,1
86050,79158.75,1
86051,684248.2253258333,12
86053,15892.822916666666,6
86054,567547.6875,10
86055,300356.3203125,12
86056,111868.77604166667,12
86058,84262.734375,2
86060,574659.4375,11
86061,16188.645833333334,12
86062,106886.34375,8
86063,24475.0,1
86064,42584.614583333336,12
86066,18216.802083333332,12
86067,33114.479166666664,12
86068,12479.0625,3
86069,39631.295454545456,11
86070,899385.8875,10
86071,49628.080357142855,7
86072,136870.15625,12
86073,73032.734375,8
86074,1466023.7,5
86075,34042.236979166664,12
86076,89963.828125,12
86077,1391709.8693181819,11
86079,332487.8526785714,7
86080,,0
86082,168448.30208333334,12
86083,703131.1424841667,12
86088,89539.53571428571,7
86090,191121.85416666666,6
86091,62368.302083333336,12
86092,567979.390625,12
86093,,0
86094,87447.875,6
86096,4477647.10797,8
86097,470907.8541666667,12
86098,67987.5,1
86101,11736.6640625,8
86102,2696853.8697916665,12
86105,33323.760416666664,12
86106,958991.25,12
86109,648288.4635416666,12
86110,21078.286458333332,12
86111,6331283.723958333,12
86112,578133.75,1
86113,16323.125,1
86115,3332908.3802083335,12
86117,165099.73958333334,12
86118,985328.78125,2
86120,45323.666666666664,6
86121,370472.0625,12
86123,278495.0364583333,12
86124,89988.83333333333,12
86127,327852.0416666667,12
86128,122130.66666666667,12
86133,230967.5625,2
86135,21009.838541666668,12
86136,4061254.0833333335,12
86137,,0
86138,63187.041666666664,12
86142,107895.09895833333,12
86143,1500083.3333333333,12
86144,14187754.953125,12
86145,392260.5,6
86146,305962.1770833333,12
86147,306176.625,6
86148,171312.15625,2
86149,228875.25,2
86150,338138.84375,12
86151,7672.125,1
86152,31197.014204545456,11
86153,92351.4375,1
86155,399533.225,10
86156,47524.9765625,8
86157,97949.95852333335,12
86158,318379.875,12
86160,81374.58333333333,12
86161,13376.90625,12
86163,13796.34375,12
86164,123946.54166666667,12
86165,45411.09375,1
86166,140805.99375,10
86167,504254.0173611111,9
86168,207880.3306525,12
86170,10807.5,2
86171,160115.47265625,8
86173,11742373.380208334,12
86176,4431496.229166667,12
86179,,0
86180,553541.6927083334,12
86181,9593.0,3
86182,84584.45,10
86185,53241.40625,12
86187,95152.64583333333,6
86188,77991.76704545454,11
86189,312593.328125,12
86190,117872.96354166667,12
86191,,0
86192,520172.4583333333,12
86193,209532.51309999998,2
86194,1509291.9114583333,12
86195,53968.4375,2
86196,149326.08333333334,9
86197,286037.125,3
86198,141752.640625,10
86199,32857.380208333336,12
86200,156542.48958333334,12
86207,238618.02083333334,12
86208,39824.42857142857,7
86211,1036394.5104166666,12
86214,23427.5,5
86215,18266.2578125,12
86218,1365202.7708333333,12
86221,66374.54166666667,12
86222,310093.1875,12
86223,1086154.34375,12
86224,9513846.359375,12
86227,135288.328125,8
86228,2472678.265625,12
86230,260959.40625,8
86233,466586.125,2
86234,148798.375,9
86235,4400021.801875,12
86236,1327275.4173608334,12
86238,5706614.342970833,12
86240,39059.598958333336,12
86242,210248.28645833334,12
86243,,0
86244,704379.7682291666,12
86245,58003.526041666664,12
86246,900383.6793883335,12
86248,5903.375,3
86249,23081.5,3
86250,22088.4375,4
86251,36388.930555555555,9
86252,1015670.390625,12
86253,172813.23958333334,12
86254,359385.0577416667,12
86256,188873.21875,4
86257,80365.125,2
86259,386861.859375,12
86260,1482479.6197916667,12
86261,32444.005208333332,12
86262,71856.578125,10
86264,68931.22916666667,12
86265,74824.0572725,8
86266,15575.416666666666,3
86267,89649.22159090909,11
86268,181094.21875,12
86269,9044.6875,12
86270,,0
86272,137266.84114583334,12
86275,456096.06038,8
86276,43125.693585,2
86277,26746.799479166668,12
86278,,0
86279,319330.5989583333,12
86281,993651.0026041666,12
86283,831740.2760416666,12
86284,75798.70833333333,3
86285,217605.38861666666,12
86287,110047.50214416666,12
86288,440128.9439066667,12
86289,137633.828125,8
86290,,0
86291,64998.614583333336,12
86293,25727.278645833332,12
86294,,0
86295,53769.8203125,12
86296,118100.61875,10
86298,528605.6354166666,12
86299,237546.26822916666,12
86300,14378.786458333334,12
86301,35110.5,5
86302,81101.9375,12
86303,154903.98958333334,12
86304,9682.067708333334,12
86305,6416502.385416667,12
86306,91589.4375,10
86307,614825.3229166666,12
86308,677087.6354166666,12
86309,304616.375,3
86310,,0
86311,900960.1770833334,12
86312,26290.104166666668,12
86313,38963.588541666664,12
86314,7761025.651041667,12
86315,113323.02272727272,11
86316,136189.38020833334,12
86317,48715.1625,5
86318,809927.24375,10
86319,,0
86320,87561.109375,12
86322,307085.334375,10
86323,623168.4479166666,12
86324,2515271.80618,12
86325,177841.09831,9
86326,24893620.651041668,12
86329,34643.33928571428,7
86330,23972.5,1
86332,26051.005208333332,12
86333,150634.19270833334,12
86334,,0
86337,3282572.570854545,11
86338,648522.20625,10
86339,5447527.838541667,12
86341,536720.9791666666,12
86342,284627.5763888889,9
86345,232410.109375,12
86347,65749.5,2
86348,88148.4375,2
86349,86166.07291666667,12
86350,94376.74107142857,7
86351,139236.86979166666,12
86352,19759.505208333332,12
86353,8353.125,9
86355,,0
86356,15901678.927083334,12
86357,72437.04166666667,12
86359,32267.0,1
86360,1468627.15625,12
86361,22910.546875,2
86362,441220.2552083333,12
86363,909107.48125,10
86366,2110.7708333333335,12
86368,4565151.317708333,12
86369,288364.5833333333,12
86371,233388.6375,10
86372,2506998.91875,10
86374,58996.0625,2
86375,69922.5625,1
86376,294388.1145833333,12
86377,13015.109375,12
86379,33508.45138888889,9
86380,1144791.140625,12
86381,53436565.62083334,12
86382,257743.74479166666,12
86383,41174.1285,4
86384,67096.46875,12
86385,83848.43229166667,6
86388,340465.65625,4
86389,14800.607954545454,11
86390,,0
86391,6645.7875,10
86392,44120.880208333336,12
86393,41449.1171875,12
86395,39718.213541666664,12
86396,26223.700520833332,12
86397,16688.109375,12
86398,608017.9427083334,12
86401,4463657.5,12
86402,90381.8125,3
86403,593709.171875,12
86404,380558.484375,12
86405,133620.265625,12
86411,1690193.125,12
86412,80170.15625,2
86413,76100.875,12
86414,20400055.114583332,12
86416,137661.27083333334,12
86417,15744.136363636364,11
86418,2364526.538526667,12
86419,49585.059895833336,12
86420,648846.9488636364,11
86421,129627.08928571429,7
86422,116711.47321428571,7
86424,,0
86425,162166.19010416666,12
86426,191212.41666666666,12
86428,115914.66666666667,3
86429,59731.875,3
86430,60326.4375,2
86432,86409.44270833333,12
86433,251882.95833333334,12
86434,139225.243485,12
86435,21487.5625,5
86436,208900.0625,3
86437,273865.9375,12
86440,26311.171875,12
86442,77195.05208333333,12
86443,335061.2239583333,12
86444,150889.5,2
86445,12195176.197916666,12
86446,,0
86447,3813915.328125,12
86448,890475.75,12
86449,99517.27,12
86451,66841.019125,12
86452,167631.7215416667,12
86453,103847.7305,12
86454,182356.38575000002,12
86455,430586.28516666667,12
86456,75951.759125,12
86457,1108149.09925,12
86458,80887.18091666666,12
86459,18303.04375,10
86461,341138.1072916667,12
86465,186206.11458333334,12
86467,85748.53125,12
86468,146359.875,12
86469,171636.9375,12
86470,51865.8125,12
86471,220679.63541666666,12
86472,250795.72916666666,12
86473,164834.55729166666,12
86474,20802.34375,6
86475,61608.953125,12
86476,216399.53125,12
86477,138197.53125,12
86478,234796.80729166666,12
86479,455252.2916666667,12
86480,363826.8958333333,12
86481,66632.85416666667,12
86483,56620.890625,12
86484,116732.5,12
86485,306657.265625,12
86486,186932.38541666666,12
86489,97627.75,2
86496,10284994.765625,12
86497,24530.427083333332,12
86498,826872.9386325,8
86501,64296.9375,5
86512,89233.29545454546,11
86514,297437.4375,4
86515,30090.963541666668,12
86516,60241.208333333336,12
86520,181504.5,11
86521,219900.359375,4
86522,53931.640625,4
86523,35617.875,2
86525,343879.15,5
86526,19173.625,12
86527,465704.953125,12
86528,25752.4375,12
86529,66126.06770833333,12
86531,54386.736979166664,12
86533,36033.5,12
86534,337683.8697916667,12
86536,,0
86537,152509.58333333334,12
86538,111286.72727272728,11
86539,40746.166666666664,3
86540,15137604.6875,6
86541,35858.21794333333,12
86542,777959.129555,12
86543,51948.0390625,12
86544,10732951.138020834,12
86547,619811.2135416666,12
86548,419769.3854166667,12
86549,46331.052083333336,12
86550,22387.786458333332,12
86551,29413.994791666668,12
86552,81934.40625,12
86553,31781.75,12
86555,29257.84375,12
86556,182756.68229166666,12
86557,49455.364583333336,12
86558,58794.354166666664,12
86560,1382506.828125,12
86563,12754.21875,10
86565,962481.9735925001,12
86566,71599.4375,12
86567,48879.184895833336,12
86568,112941.83854166667,12
86569,3974993.428125,10
86570,19405.432291666668,12
86572,1552275.6041666667,12
86573,25376.041666666668,12
86574,91405.734375,12
86575,10709.380208333334,12
86576,44849.473958333336,12
86578,90047.96016166666,12
86579,343466.875,9
86580,3334934.6045299997,12
86581,952.0833333333334,12
86582,126392.34375,12
86583,82768.375,3
86584,32073.28125,12
86585,169657.8,5
86586,782840.390625,12
86587,42150.145833333336,12
86590,426340.4166666667,12
86591,8833660.8125,12
86592,33409.09375,8
86593,137023.58854166666,12
86594,1144543.6614583333,12
86595,127881.22395833333,12
86596,53558.3125,2
86598,100956.375,1
86599,47602.125,2
86600,58278.0,2
86601,116622.59375,2
86602,1324585.359375,12
86642,,0
86677,,0
86685,922197.4832266667,12
86709,1094146.2708333333,12
86711,1831672.3229166667,12
86712,70509.34375,4
86713,162941.875,12
86715,393939.8854166667,12
86716,115453.90885416667,12
86717,363378.8697916667,12
86718,78525.4875,10
86719,364629.296875,12
86720,1010415.7994349999,12
86721,3409486.375,12
86724,634797.7375,10
86725,1885224.6622058332,12
86727,336857.7013888889,9
86729,819655.1822916666,12
86730,76937.6875,12
86731,351345.15,10
86732,61532.196875,10
86733,801688.8784722222,9
86734,63375.25,7
86735,1334342.7469849999,12
86736,4773848.010416667,12
86738,3892639.8643083335,12
86739,8433254.24496,12
86740,73469.75,9
86741,956206.5687616667,12
86742,213539.27272727274,11
86743,467085.8385416667,12
86744,238148.3828125,12
86745,5198665.515625,12
86746,51251267.046875,12
86747,5297635.875,12
86748,468004.078125,12
86750,5554.760416666667,12
86751,11954.25,4
86753,23609.625,1
86754,169064.54958333334,12
86755,10968737.609458333,12
86756,4200315.697916667,12
86758,344936.35208333336,12
86759,138290.54375,10
86760,18955.930555555555,9
86761,59031.479166666664,12
86762,1294944.4444444445,9
86763,141022.22222222222,9
86764,150150.0,12
86766,196748.66666666666,3
86767,108000.72916666667,9
86768,3449938.234375,12
86769,268840.15625,12
86770,38838.6375,10
86771,15839.520833333334,12
86772,134599.765625,4
86775,97473.25,2
86776,601696.5744166666,12
86777,334725.473615,8
86778,817464.4635416666,12
86779,617323.8255208334,12
86780,169279.79166666666,12
86782,253642.0176775,8
86783,6802368.944212,10
86784,192241.1875,5
86785,39649.44375,10
86786,20552.875,1
86787,39212.9875,5
86788,120929.125,12
86789,1224022.15625,12
86790,54249.083333333336,3
86791,1465730.84375,12
86792,219650.0,1
86793,74141.19791666667,12
86794,41647.19375,10
86795,754642.6145833334,12
86797,117375.05113636363,11
86799,1250158.5833333333,12
86801,268190.6822916667,12
86802,471041.6666666667,12
86804,605933.2552083334,12
86806,5157527.697916667,12
86807,269576.2447916667,12
86808,6719.869791666667,12
86809,1122286.875,12
86810,499709.9010416667,12
86811,14804.166666666666,3
86812,38708.049107142855,7
86813,545766.7864583334,12
86814,87551.125,12
86815,512851.046875,12
86816,358824.4166666667,9
86817,297784.59375,2
86819,1456004.1119791667,12
86820,1040362.3958333334,12
86821,108714.35416666667,12
86822,6160794.440075833,12
86823,22609.296875,12
86824,53336.119791666664,12
86826,61368.927083333336,12
86827,958064.546875,12
86828,131809.50520833334,12
86829,85212.58333333333,12
86830,3191229.0989583335,12
86831,22005.090625,10
86832,152896.72222222222,9
86833,89188.046875,6
86834,308655.21875,2
86835,817028.7395833334,12
86836,531250.6875,11
86838,643847.5234375,8
86839,182116.234375,12
86840,608033.9818633334,12
86841,1836580.8352272727,11
86842,1654645.9246988888,9
86843,59380.010416666664,12
86844,374353.6041666667,9
86845,1494748.5104166667,12
86846,15637.5,5
86847,99605.08333333333,3
86848,2196887.7227244442,9
86849,228081.65625,1
86850,507629.82954545453,11
86858,180707.92708333334,12
86859,178273.33333333334,3
86860,403763.54323666665,6
86861,938187.2083333334,12
86862,1601478.8402777778,9
86863,44313.40625,12
86864,33364.9375,4
86865,41000.645833333336,12
86866,429547.909375,10
86867,162150.0,10
86868,43737879.260416664,12
86869,1397005.5208333333,12
86870,497111.875,12
86871,116003.015625,12
86872,305304.8958333333,12
86873,243651.66666666666,12
86876,351860.9895833333,12
86877,,0
86878,203731.73958333334,12
86879,86979.78977272728,11
86881,18744239.710866667,12
86882,445616.8249875,8
86883,154772.53125,3
86884,107955.5,1
86885,2823713.0811658334,12
86886,236656.875,7
86889,461135.6614583333,12
86890,114263.21875,4
86891,1160807.6458333333,6
86893,,0
86894,310574.09375,4
86895,70243.9375,1
86896,163232.86406249998,12
86897,1934260.0546875,12
86898,502726.140625,8
86899,875749.5989583334,12
86900,1098718.65625,2
86901,35747.75,10
86902,527258.7760416666,12
86903,662266.242264,5
86904,533506.0208333334,6
86905,2065738.2625,10
86906,145904.04545454544,11
86907,635549.2417008333,12
86908,109008.01041666667,12
86911,276509.125,4
86912,89754.984375,2
86913,7107246.46623,12
86914,14586318.53125,12
86915,146689.22916666666,12
86916,661577.3958333334,12
86917,543500.1396933333,12
86918,2600568.0,3
86919,293939.1927083333,12
86920,1333062.3125,10
86921,255409.15625,12
86922,1003177.578125,8
86923,819616.1458333334,12
86924,225198.32640249998,8
86925,540530.8210227273,11
86926,1832209.9375,12
86927,22543660.583885,12
86928,3260605.9318181816,11
86929,1518566.8802083333,12
86930,265953.16071428574,7
86931,57193.6875,4
86932,285175.2048611111,9
86934,265214.328125,4
86935,63848.336419090905,11
86936,154725.83333333334,6
86937,876038.8125,10
86938,1855924.0,12
86940,63842.34375,2
86942,83074.20833333333,12
86943,56295051.64285714,7
86944,77855.0625,7
86945,319403.3125,6
86946,3026734.703125,12
86947,892350.858766,5
86948,759837.09375,12
86949,114993.44886363637,11
86950,6608567.322916667,12
86952,11812.5,4
86953,1282761.53125,8
86954,732050.1224816666,12
86955,2368872.19921875,8
86956,41310.0,1
86957,135495.5,3
86958,473342.04375,10
86959,1576348.6979166667,12
86961,382906.921875,4
86962,258641.08333333334,3
86963,29815.611979166668,12
86964,1044473.2447916666,12
86965,144724.05729166666,12
86967,94808.41627500001,12
86968,1364408.3541666667,12
86969,5643233.850425833,12
86970,139537.24147727274,11
86971,82063.453125,8
86972,588344.1517857143,7
86974,1721352.0078125,8
86975,47641.65625,12
86976,3111463.3541666665,12
86977,625335.4557291666,12
86978,2479609.634375,10
86979,44609026.567708336,12
86980,332178.53125,2
86981,80188.55,5
86982,107661.32291666667,9
86983,433009.8611111111,9
86985,344253.0,1
86986,79508.33333333333,3
86988,116863.0546875,8
86989,122595.25,3
86990,7448996.541666667,12
86991,298561.01420454547,11
86993,202852.6328125,12
86994,265564.1875,9
86995,222056.28125,2
86996,1457340.34375,12
86997,138983.77083333334,3
86998,169864.5,1
86999,365540.78125,8
87000,721244.0357142857,7
87001,5589273.86875,10
87002,30334.697916666668,12
87003,,0
87005,100715.3125,1
87006,1331260.5240316668,12
87007,1179029.75625,10
87008,96069.9375,2
87009,808617.8781463635,11
87010,188735.78125,12
87011,140261.90625,2
87013,26234042.763409168,12
87014,67854.54029666666,12
87015,98710.9375,2
87016,41038.28125,6
87018,764478.328125,8
87019,1088334.25,10
87020,57611.041666666664,12
87021,89243.0625,2
87022,73458.534375,10
87023,273740.40625,12
87024,225641.63541666666,12
87026,33363.854166666664,12
87027,784895.8333333334,6
87028,63793.58928571428,7
87029,11068406.208333334,12
87030,373656.5020833334,12
87031,40703518.484375,12
87033,1638868.4114583333,12
87034,570804.6145833334,12
87035,46993.60227272727,11
87036,152113.328125,12
87037,295014.6590909091,11
87038,14606.8125,1
87039,67162.421875,12
87040,73946.3375,10
87041,154955.625,5
87043,1863240.9947916667,12
87044,781117.4166666666,12
87046,36081.604166666664,12
87048,48261.1125,10
87049,933495.375,12
87050,772560.9925844445,9
87051,260625.1,5
87052,1026852.3125,2
87053,93243.38541666667,6
87054,90929.50904833333,12
87055,17905699.03125,12
87056,648006.125,12
87057,553891.0416666666,12
87058,1941629.0833333333,9
87059,100803.625,3
87060,1238408.1927083333,12
87061,420097.8693181818,11
87062,1561704.5989583333,12
87064,84225.68055555556,9
87065,3431095.517655833,12
87066,1251893.75,8
87067,36326.109375,12
87068,91994.79166666667,12
87069,17662.1875,12
87070,1922686.1145833333,12
87072,213287.25,1
87073,914928.7642045454,11
87074,453595.5625,3
87075,172758.84375,2
87076,319177.8671875,8
87077,,0
87078,782875.015625,12
87079,30422.1953125,12
87080,157312.77083333334,12
87081,1562171.1875,12
87082,590969.8125,12
87083,296014.28125,4
87084,39884.25,3
87085,856796.7604166666,9
87086,70759.70833333333,12
87087,212199.64583333334,6
87088,47230.1015625,12
87089,170936.27907400002,10
87091,453245.06076909095,11
87092,15107197.739253333,12
87093,35205.145833333336,3
87094,1882617.1875,12
87095,156365.4625,10
87096,286970.9270833333,12
87097,1096137.9322916667,12
87098,30668.526041666668,12
87099,4526010.557291667,12
87100,1135515.7159090908,11
87101,438532.78125,4
87102,1806342.546875,12
87103,9760964.588541666,12
87104,235804.13392857142,7
87105,626642.9598214285,7
87106,3578758.6666666665,9
87107,1654523.1041666667,12
87108,761522.0138888889,9
87109,106670.06944444444,9
87110,879526.1770833334,12
87111,3559764.546875,12
87113,125171.16666666667,12
87114,27872.770833333332,12
87115,928124.875,9
87118,842159.4427083334,12
87119,12730.475,5
87121,216548.93229166666,12
87122,268080.5833333333,3
87123,302423.71180555556,9
87124,405969.66964285716,7
87126,633794.984375,12
87128,63567118.8125,12
87129,2126642.903409091,11
87131,3816078.765625,12
87132,25138.072916666668,12
87133,92250.99479166667,12
87134,315557.6145833333,12
87137,5301783.202083333,12
87138,67742.35416666667,12
87139,2558197.0729166665,12
87140,1023828.2552083334,12
87141,51957.604166666664,12
87142,46456.125,12
87144,68153.53125,12
87145,36772.34375,12
87146,2401320.609375,12
87147,442069.9427083333,12
87149,706407.2395833334,12
87150,222583.6875,12
87151,25725.0,2
87152,19241.479166666668,12
87153,2767337.024795,12
87155,1640682.1069771429,7
87156,705520.3194444445,9
87157,48849.5625,2
87158,464955.41761363635,11
87159,160255.6953125,8
87160,134965.72916666666,12
87161,2075184.3375,5
87162,169252.66796875,8
87163,165651.2232142857,7
87164,139407.55113636365,11
87165,3322253.1197916665,12
87166,571912.4114583334,12
87167,12645890.760496365,11
87168,235648.0,9
87169,969685.4140625,8
87171,,0
87172,219381.36931818182,11
87173,2038913.04375,10
87174,710714.46875,4
87175,225672.5625,1
87176,610818.9729255555,9
87177,236928.51041666666,12
87178,241353.08035714287,7
87179,462933.6458333333,12
87180,2132290.9947766666,12
87181,736010.0520833334,12
87182,3924066.1434516665,12
87183,166433.71875,2
87184,4406503.901041667,12
87185,784716.9189066667,12
87187,2284661.03125,2
87188,24278.484375,12
87189,1240281.0422625,12
87191,531600.5390625,8
87192,24067.645833333332,3
87193,769401.0104166666,12
87195,309878.27678571426,7
87197,907894.2447916666,12
87198,134339.86458333334,12
87199,530220.140625,12
87200,152881.53125,12
87202,,0
87203,,0
87204,2601865.890625,12
87205,1378550.1614583333,12
87206,1309076.078125,12
87207,223077.83125,10
87208,71555.26041666667,12
87210,773440.9375,5
87211,146494.70833333334,12
87212,9427033.723958334,12
87213,44291.0,12
87214,250762.60227272726,11
87216,283578.4236111111,9
87218,136721.97916666666,12
87219,256484.375,12
87220,312192.0,2
87221,4051177.414663333,9
87222,1179423.1510416667,12
87224,622266.90625,12
87225,241164.72916666666,6
87227,629151.121875,10
87228,4002813.1901041665,12
87229,9984991.895833334,12
87230,268855.9166666667,6
87232,129401.625,4
87233,597329.8958333334,12
87234,,0
87235,247103.4375,4
87236,5112682.971243333,12
87237,181977.52083333334,9
87238,1272020.6641366666,12
87239,149728.0625,6
87240,85460.99431818182,11
87241,3911794.53125,12
87242,1400068.2604166667,12
87243,261379.3671875,8
87244,34865.0,2
87246,408997.7604166667,3
87247,293973.7604166667,12
87248,718363.9114583334,12
87249,1783850.4454908334,12
87251,482124.0833333333,12
87252,2290908.3489583335,12
87253,457381.25390625,8
87254,627024.5729166666,12
87255,847022.0885416666,12
87256,90688.0,3
87257,253396.53645833334,12
87258,610355.125,2
87259,357592.9609375,8
87260,141495.19375,10
87261,1553247.017857143,7
87263,398657.4932833333,12
87264,470324.3802083333,12
87265,5413101.411458333,12
87267,280323.171875,12
87268,139337.38020833334,12
87269,56080.65625,12
87270,33891.109375,12
87271,50415.010416666664,12
87272,580445.5364583334,12
87275,706598.0885416666,12
87276,23111.979166666668,12
87277,339932.5260416667,12
87278,40946.517857142855,7
87279,55109.697916666664,12
87280,23044.979166666668,12
87281,823255.9427083334,12
87283,571339.3697916666,12
87284,2362120.8489583335,12
87285,276427.5729166667,12
87288,110832.04861111111,9
87289,235916.82291666666,12
87292,1640955.890625,12
87294,97456.5,4
87295,2036312.7552083333,12
87296,1042017.9583333334,12
87297,133821.44444444444,9
87298,4905034.104333333,12
87299,10290985.410495,12
87300,998034.4166666666,9
87301,127796.30078125,8
87302,645836.0520833334,12
87304,1079254.240625,10
87305,56494.857142857145,7
87306,261416.41666666666,12
87307,1478382.3229166667,12
87308,219385.4375,3
87309,689351.0714955556,9
87310,1400274.826388889,9
87312,596229.5056818182,11
87313,363190.140625,10
87314,719201.515625,12
87315,990234.0800818182,11
87316,909933.4732142857,7
87317,310192.1510416667,12
87318,16689.33158833333,12
87319,404643.2291666667,3
87320,87783.8515625,12
87321,94124.94270833333,12
87322,306955.80555555556,9
87323,108580.828125,12
87324,22483.380208333332,12
87325,162771.14583333334,3
87326,792911.1375741666,12
87327,3265878.881145,12
87328,309777.5,3
87329,1248970.9895833333,12
87331,377440.1796875,8
87332,508790.6354166667,12
87333,2598863.4875,10
87334,786303.559375,10
87335,71867.25,1
87336,589960.6666666666,3
87337,2405271.59375,12
87338,107606.984375,12
87339,463873.8522727273,11
87340,26344.794270833332,12
87341,68607.58333333333,3
87342,531412.1537,10
87343,24195369.614583332,12
87344,605505.4431818182,11
87345,1295589.7447916667,12
87347,433866.25625,10
87348,188169.609375,8
87349,2447464.5104166665,12
87350,588926.3958333334,12
87351,230725.37109375,8
87352,360521.61805555556,9
87353,272923.84375,9
87355,48671.625,2
87356,224370.2333333333,12
87357,986019.90625,12
87358,51499.625,5
87359,2528633.7,10
87360,232905.475,10
87361,605693.3541666666,12
87363,744445.4791666666,12
87364,408061.9947916667,12
87365,479013.6666666667,3
87366,163695.23958333334,12
87367,193932.5,7
87368,1841947.3958333333,12
87373,326312.8203125,12
87374,438241.6145833333,12
87375,139781.25,2
87376,1142494.0859375,8
87377,3096629.9947916665,12
87378,3770262.968531667,12
87379,186887.22916666666,3
87380,1550182.9772727273,11
87381,43540.609375,4
87382,308694.796875,4
87383,144185.73125,10
87384,164557.7265625,8
87385,459086.7,10
87386,43997.0875,10
87387,56016.944444444445,9
87388,733445.890625,12
87390,5432152.261784167,12
87391,551695.6944444445,9
87392,1092902.2,10
87393,290075.7013888889,9
87394,403449.47124000004,12
87395,1709025.3333333333,12
87396,761019.3409090909,11
87399,1392782.7109375,8
87400,1529972.6666666667,12
87401,186732.31707454546,11
87402,790327.175,10
87403,235363.05078125,8
87404,154929.375,3
87405,687135.8125,12
87406,1194313.7760416667,12
87407,709316.04375,10
87408,466264.96875,8
87409,112019.25,1
87411,638944.7511509999,10
87412,1696156.328125,12
87413,24407.723958333332,12
87414,439017.6458333333,3
87415,524651.78125,12
87416,641991.875,12
87417,109123.25,2
87418,1214849.3353683334,12
87419,1585628.5885416667,12
87420,652487.0972222222,9
87421,99756.71875,12
87422,736118.3333333334,3
87423,3190291.9375,12
87424,569969.6145833334,12
87425,202688.671875,12
87426,78572.26041666667,12
87427,2376892.9583333335,12
87428,2907180.1197916665,6
87429,185619.5625,3
87430,2579508.0,12
87431,218927.1125,5
87432,30220267.442708332,12
87433,773460.9375,12
87435,23619.463541666668,12
87436,682534.3625,10
87438,80692.89166666666,12
87439,64068.692708333336,12
87441,20963.25,1
87443,292031.25,12
87444,4366.71875,12
87445,536735.6979166666,12
87446,177771.45833333334,12
87447,7402677.154958334,12
87448,252390.76704545456,11
87449,75262.05208333333,12
87450,962527.796875,12
87451,144477.3125,12
87452,1658182.1625,10
87454,402485.921875,12
87455,5460150.345613333,12
87456,343771.167006,10
87457,544933.9322916666,12
87458,88178.55208333333,12
87459,393886.781085,8
87460,468054.4375,12
87462,164660.075,10
87463,479833.7421875,8
87465,4652482.738636363,11
87466,18074.505208333332,12
87467,110326.9,5
87468,30593.75,1
87470,26621.802083333332,12
87471,76648.96354166667,12
87473,722030.2045454546,11
87474,582083.7994791666,12
87475,380879.9,5
87476,51527.708333333336,12
87478,1507958.1458333333,12
87479,574321.8875,10
87480,129603.078125,8
87482,390699.3958333333,12
87483,386407.7971116667,12
87484,55511.270833333336,3
87486,217369.89583333334,3
87487,433043.296875,12
87488,28295.7265625,12
87489,2929075.5260416665,12
87490,301226.0,3
87491,134446.47916666666,3
87492,165318.0375,5
87494,329066.5416666667,3
87495,41058.1015625,8
87496,93216.5625,4
87497,614485.7604166666,6
87498,2169462.1838108334,12
87499,1848591.9600941667,12
87500,185387.98295454544,11
87501,44372.713541666664,12
87502,589887.4765625,8
87503,99230.90625,2
87504,96625.0,12
87505,62044.125,12
87507,679850.0416666666,12
87508,275404.6354166667,12
87509,1529352.6041666667,6
87510,355508.625,5
87511,43274.807291666664,12
87512,116201.025,5
87513,1619976.6197916667,12
87514,,0
87515,53856.25,4
87516,2612609.647365,10
87517,852474.515625,8
87518,598444.3697916666,12
87519,392.36160714285717,7
87520,314192.703125,12
87521,114812.6484375,8
87523,470309.9791666667,9
87524,457921.59375,12
87525,70166.375,12
87526,197796.29053666667,6
87527,365681.0,10
87529,27144.53125,12
87531,1669738.90625,12
87535,733643.1875,7
87536,7710810.208333333,12
87539,131677.98958333334,12
87540,439044.2083333333,12
87541,1293322.0625,12
87549,11049.5,1
87557,20658.3125,4
87559,348272.4322916667,12
87560,861763.5089285715,7
87561,156307.1875,3
87562,1023591.2152777778,9
87563,264002.9625,10
87564,248064.73295454544,11
87566,87611.1328125,8
87567,25495.078125,2
87568,282006.8181818182,11
87569,2418471.1041666665,12
87571,430407.4166666667,12
87572,640811.6259458334,12
87574,1463229.4427083333,6
87575,27194.296875,12
87576,138354.6875,12
87577,401947.8125,3
87578,35816.005681818184,11
87579,174271.11607142858,7
87580,76990.4375,11
87581,115112.703125,12
87582,,0
87583,452711.8693181818,11
87584,641716.5056818182,11
87585,1307013.6983454546,11
87586,256472.19318181818,11
87587,1398960.3839285714,7
87588,7232817.0,11
87589,76352.02272727272,11
87590,77169.875,3
87591,1067699.925,5
87592,254502.5625,2
87593,178668.07291666666,9
87594,228119.45703125,8
87595,297479.6388888889,9
87596,809431.1590909091,11
87597,622583.3645833334,6
87598,533109.4545454546,11
87599,1069044.9984036365,11
87601,1301880.7102272727,11
87602,695222.1051136364,11
87603,662049.5875,10
87604,187910.3125,3
87605,895178.6298163637,11
87606,104383.96428571429,7
87607,2046347.3806818181,11
87608,1019062.5,8
87609,33330.11111111111,9
87610,1244080.71875,10
87611,465554.7897727273,11
87612,2045744.1189972728,11
87613,15750.0,1
87614,138398.375,11
87615,159039.3125,2
87616,1115807.044642857,7
87617,415212.0104166667,6
87618,886828.8107990909,11
87619,89536.954356,5
87620,204468.79166666666,3
87621,1941977.8619636365,11
87622,465936.25,8
87623,4177663.0738636362,11
87624,1307451.9285714286,7
87625,19290.625,2
87626,55129.166666666664,3
87627,456578.7784090909,11
87628,19875.0,2
87630,223265.53977272726,11
87631,43893.869318181816,11
87632,916509.5511363636,11
87633,1260935.78125,8
87634,523290.3069825,8
87635,48623.994318181816,11
87636,166258.21875,6
87637,29886.3125,12
87638,2999033.5387772727,11
87639,569821.0511363636,11
87640,537733.8333333334,9
87641,77391.0,1
87642,1034842.996875,10
87643,136587.5,1
87644,4786143.818181818,11
87646,413951.8465909091,11
87647,102078.7,5
87648,133563.359375,8
87649,483171.5451388889,9
87650,480896.26704545453,11
87651,267202.125,5
87652,90570.42613636363,11
87654,184744.0,1
87655,1793117.9375,6
87656,79337.15625,4
87657,1108493.923611111,9
87658,266567.0021875,8
87659,1929850.1458333333,9
87660,2262339.659722222,9
87662,179471.3125,9
87663,33739.25,10
87664,2808160.3375,10
87665,106018.96875,2
87666,7574690.0,10
87667,61624.5,1
87668,1910094.8125,10
87696,1456755.01736,12
87717,2352130.9635416665,12
87725,53627.03571428572,7
87748,1056980.34375,10
87749,132014.0625,10
87750,238755.94375,10
87751,281888.625,1
87752,1219760.0,10
87753,158213.82142857142,7
87754,359718.28571428574,7
87755,477437.99375,10
87756,467570.51951,6
87757,,0
87758,1854521.90625,8
87759,17915.526785714286,7
87761,74903.296875,8
87762,193597.13125,10
87763,834908.98125,10
87764,1054791.0,2
87765,336519.5,7
87766,125471.14583333333,3
87767,69301.76041666667,6
87768,302809.15625,4
87769,114089.78562833334,6
87770,607673.15625,4
87771,212383.984375,10
87772,500913.675,10
87773,188625.0,6
87774,66669.94375,10
87775,931654.0416666666,3
87777,515475.1875,10
87778,841902.578125,8
87779,201734.78743199998,5
87780,122130.0,1
87782,169873.15,10
87783,576152.5,1
87785,859313.65,10
87786,424984.4,10
87787,1328360.46875,10
87788,15282.291666666666,9
87789,836817.6375,10
87790,606129.9642857143,7
87791,195063.3125,10
87793,1329394.13125,10
87794,92075.0,1
87795,513928.6875,6
87796,462176.6953125,8
87797,787636.9375,6
87798,144363.6625,10
87799,705111.742026,10
87800,21609997.04375,10
87801,24601.375,10
87802,155479.53125,6
87803,89855.4,5
87804,54563.90625,10
87806,836149.73125,10
87807,153688.6875,10
87808,516412.73125,10
87809,174429.455616,10
87810,26435.625,2
87811,,0
87812,2346276.5875,10
87814,1628576.03125,10
87815,378017.9375,1
87816,389212.125,1
87817,285848.3984375,8
87818,92324.79166666667,9
87819,685616.421875,4
87820,471268.05,10
87822,262179.575,10
87823,1647466.88125,10
87824,317007.21875,6
87825,2971207.8125,10
87826,1099033.59375,10
87827,463293.94143500004,10
87828,,0
87829,3897404.25492,3
87830,160194.9375,3
87831,8931942.0,9
87832,,0
87834,99437.5,1
87835,441188.8888888889,9
87836,9462.215277777777,9
87837,,0
87838,196031.765625,8
87839,182493.125,3
87841,2165915.222222222,9
87842,19103450.708333332,9
87843,140852.11805555556,9
87844,464012.7916666667,9
87845,,0
87856,148958.0,12
87864,,0
87920,88084.5875,5
87952,141096.40104166666,12
88007,48289.434895833336,12
88015,91415.82291666667,12
88031,52156.729166666664,3
88050,364827.234375,8
88148,155322.5,9
88149,193281.25,9
88150,75808.96428571429,7
88151,27478.26736111111,9
88152,1041553.7847222222,9
88153,385298.97222222225,9
88155,1115756.763888889,9
88156,52999.916666666664,6
88157,949336.8402777778,9
88158,112943.39583333333,3
88159,1207262.6805555555,9
88160,,0
88161,399217.49305555556,9
88163,82212.0,1
88164,149175.0,1
88165,476653.52430555556,9
88166,717236.4583333334,9
88167,153019.4375,2
88168,294255.625,1
88169,255347.82142857142,7
88170,155472.75,1
88171,135855.25,1
88172,969740.4166666666,9
88173,1079498.013888889,9
88174,226905.0125,5
88175,466973.33680555556,9
88176,724017.1111111111,9
88177,277378.98145666666,9
88178,1004046.4166666666,9
88179,95330.8125,2
88180,2432850.6180555555,9
88181,169193.01041666666,9
88182,2565658.1458333335,9
88183,47414.125,9
88184,435583.75,1
88185,517902.2083333333,9
88186,990196.6944444445,9
88187,176205.92361111112,9
88188,113454.0625,9
88190,1176094.138888889,9
88191,168052.77777777778,9
88192,56336.017857142855,7
88193,946110.7083333334,9
88194,38722.104166666664,6
88195,556431.5902777778,9
88196,853401.4955357143,7
88197,1413356.671875,12
88198,1346280.38741,9
88199,1755070.298611111,9
88200,53347.48611111111,9
88201,11232346.944444444,9
88202,1441323.5816611112,9
88203,327997.4765625,8
88204,769681.4097222222,9
88205,837253.0104166666,9
88206,73756.48214285714,7
88207,326464.01785714284,7
88209,129214.75,1
88211,768633.03125,8
88212,,0
88213,29448.053571428572,7
88214,10425.78125,8
88215,545714.9534374999,8
88216,77803.5168125,8
88217,43123.829874999996,8
88218,141766.408,8
88219,34421.4855,8
88220,31734.375500000002,8
88221,278954.7105,8
88222,223229.0053125,8
88223,11688.867750000001,8
88224,64243.1640625,8
88225,104366.40625,8
88227,110125.5859375,8
88228,100742.1875,8
88229,42163.2815,8
88230,,0
88231,53634.0,1
88232,767254.609375,8
88233,2057643.28125,8
88235,821099.75,8
88236,112143.75,8
88237,424454.109375,8
88238,,0
88239,58354128.88942875,8
88240,209401.859375,8
88241,252944.125,3
88243,256631.5234375,8
88244,,0
88245,695525.985635,8
88246,441783.375,8
88247,239372.4375,2
88248,1779106.35555,8
88249,226416.5703125,8
88250,186562.234375,8
88251,1233845.5625,6
88252,,0
88253,112834.34375,5
88254,4441189.78125,8
88255,872363.53515625,8
88256,365583.6015625,8
88257,110553.4375,8
88258,189625.859375,8
88259,104727.51741500001,8
88260,1039050.671875,8
88261,130223.89583333333,6
88262,943941.9921875,8
88263,259366.21875,6
88264,7341647.3671875,8
88265,321632.1125,5
88266,842074.640625,8
88267,,0
88268,98472.3,5
88270,117953.48214285714,7
88271,257361.65625,8
88272,,0
88273,29777.6875,3
88274,162530.66666666666,6
88275,1119619.0859375,8
88276,137611.078125,4
88278,147565.625,3
88279,4299539.669642857,7
88280,101519.54464285714,7
88281,867044.1964285715,7
88282,9546734.82142857,7
88283,25887.535714285714,7
88284,2062966.5535714286,7
88285,,0
88287,29371.178571428572,7
88289,,0
88290,2197.7678571428573,7
88291,14445.3125,7
88292,31841.071428571428,7
88294,18323.660714285714,7
88295,26455.58035714286,7
88296,20047.76785714286,7
88297,64271.875,7
88298,30653.572285714286,7
88299,12487.5,7
88300,17209.48692857143,7
88301,8619.977857142858,7
88302,9932.14307142857,7
88303,8897.879571428572,7
88305,174804.75,7
88307,216709.82142857142,7
88308,464772.9285714286,7
88309,371522.25,7
88310,423214.28571428574,7
88311,153295.9642857143,7
88312,70920.53571428571,7
88313,9444068.44642857,7
88315,2117654.875,3
88316,56346.875,4
88317,106562.5,7
88319,2855755.375,7
88320,178867.79464285713,7
88321,1060505.53125,6
88323,267101.3333333333,6
88324,170076.48214285713,7
88325,319817.6785714286,7
88326,102800.75,1
88327,44094.375,1
88328,97006.35416666667,3
88329,1091320.25,7
88330,181860.0,1
88331,240221.55357142858,7
88332,3896004.2053571427,7
88333,460252.175,5
88334,45349.955357142855,7
88335,392839.14494285715,7
88336,104802.3671875,4
88337,99990.72916666667,6
88338,413562.5,7
88339,42344.859375,2
88340,349576.3125,7
88341,72776.4375,7
88342,1026858.1428571428,7
88343,58217.30357142857,7
88344,158187.39583333334,3
88345,1246376.5,6
88346,297159.546875,8
88347,5805563.651785715,7
88348,15479.61607142857,7
88350,649737.40625,2
88351,431442.625,4
88352,447740.83035714284,7
88353,459171.8839285714,7
88354,170482.1607142857,7
88355,301398.48214285716,7
88358,904849.6250457143,7
88359,123435.225,5
88360,4339265.401785715,7
88361,218924.07187200003,5
88362,35156.25,4
88363,178875.0,1
88364,10073292.302155714,7
88366,91802.5,7
88367,42120.0,7
88368,42431.46428571428,7
88369,609719.6785714285,7
88370,116268.47321428571,7
88371,232737.2124,5
88372,772452.0829071429,7
88373,316200.875,12
88374,93387.85714285714,7
88375,245625.0,3
88376,166092.0375,5
88377,1862027.1785714286,7
88378,6786564.258928572,7
88379,339569.234375,4
88380,171100.125,3
88382,137706.75,1
88383,553459.2916666666,6
88384,95991.5625,7
88385,259221.41964285713,7
88386,375922.75,3
88388,47943795.525,5
88391,3580696.0208333335,6
88393,859918.8541666666,6
88396,30424.479166666668,6
88397,40488.020833333336,6
88398,33579.4275,6
88399,37829.166666666664,6
88401,33002.083333333336,6
88402,18356.771666666667,6
88403,15365.235,6
88404,19626.954166666666,6
88405,15177.604333333335,6
88406,14320.833666666667,6
88407,16297.917000000001,6
88409,99025.0625,1
88410,1978695.625,6
88411,1045000.0,6
88412,105215.25,2
88413,48059.0,1
88414,1620343.1145833333,6
88415,16431283.854166666,6
88416,12682.0,6
88417,1209356.7708333333,6
88418,278886.69162666664,6
88419,493643.359375,4
88420,578541.8020833334,6
88421,684958.3333333334,6
88422,156562.5,4
88423,3431003.8958333335,6
88424,2121789.286243333,6
88425,2618549.34375,6
88426,128554.9375,2
88427,167919.16666666666,6
88428,180494.6875,6
88430,20626045.137748335,6
88431,517023.0859375,4
88432,899542.5625,6
88433,19593.802083333332,6
88434,362696.9375,6
88435,158.66666666666666,6
88436,688359.1354166666,6
88439,523521.24452666665,6
88440,398791.9166666667,3
88441,1443622.875,6
88442,512091.8958333333,6
88443,391789.6666666667,6
88444,74656.09375,4
88446,1013312.1041666666,6
88447,386162.2083333333,3
88448,495061.0416666667,6
88449,,0
88450,169812.5,6
88451,228634.41666666666,6
88452,,0
88454,1045862.2604166666,6
88455,103699.78125,4
88456,193912.3125,4
88457,984180.4375,5
88458,616135.0375,5
88459,71861.875,3
88460,89426.40625,6
88462,489322.9583333333,6
88463,153781.02083333334,6
88464,117278.65000000001,6
88465,124591.51041666667,3
88466,412631.7291666667,6
88467,214737.375,3
88468,803476.968125,6
88469,1547666.975,5
88470,285296.203125,4
88471,331886.1354166667,6
88472,1224101.71875,2
88473,,0
88474,573650.578125,4
88475,212633.49267833334,6
88476,416635.96718,6
88477,273704.5833333333,6
88478,1255419.4791666667,6
88479,58162.5,1
88481,4395429.225,5
88482,,0
88483,2164801.625,5
88484,143140.0,3
88485,1053796.575,5
88486,658937.5,5
88487,2334565.8,5
88488,444675.0,5
88489,119604.225,5
88490,2058718.275,5
88492,,0
88493,78771.65625,2
88494,549852.625,5
88495,589084.2125,5
88497,1583692.95,5
88498,186509.8125,4
88499,416187.975,5
88500,462633.5416666667,3
88501,207917.7,5
88502,412953.8125,3
88503,198040.85416666666,3
88504,1866326.0375,5
88505,99204.625,1
88506,83935.15625,2
88507,259510.25,5
88508,876264.6666666666,3
88510,524891.2875,5
88511,384300.725,5
88512,315663.9583333333,3
88513,152813.7375,5
88514,515876.4,5
88515,580083.075,5
88516,599879.24717,5
88518,,0
88519,873563.0625,3
88520,41794.0625,1
88521,362887.15,5
88522,629104.84375,4
88523,684438.9125,5
88524,550104.575,5
88526,363916.67288800003,5
88527,468709.8375,5
88528,89562.0,1
88529,938822.025,5
88530,372455.4166666667,3
88531,98365.71875,4
88532,594678.1375,5
88534,201092.80948999999,5
88535,184990.0125,5
88536,766245.921875,4
88537,663358.5,1
88538,87216.25,5
88539,591784.828125,4
88540,485874.69375,5
88542,264245.425,5
88543,2342564.456594,5
88544,384080.4,5
88545,803798.075,5
88546,191690.5,5
88547,340453.05,5
88548,345658.9375,5
88549,457495.09528799995,5
88550,483218.2125,5
88551,350306.375,5
88552,826564.9375,2
88553,160309.08333333334,3
88554,682546.7625,5
88555,90875.0,5
88556,304371.75,5
88557,79138.4,5
88558,64421.875,2
88559,126332.78125,2
88561,338686.21875,2
88562,806024.5125,5
88563,778147.147394,5
88564,264425.5875,5
88565,394052.34375,2
88566,644033.975,5
88567,99189.0,1
88568,132138.6,5
88569,1820789.8375,5
88570,178045.14583333334,3
88571,294526.40625,5
88572,184826.81875,5
88573,484479.4125,5
88574,235439.8125,4
88575,1279260.9875,5
88577,312849.265625,4
88578,258165.8625,5
88579,454386.2916666667,3
88580,281168.35,5
88581,80945.16666666667,3
88582,326090.25,2
88583,1519449.3,5
88585,682450.1,5
88586,130000.0,2
88587,3287336.0625,3
88588,333295.1875,4
88589,,0
88590,4039814.1875,3
88591,,0
88593,338499.96875,4
88595,12228733.640625,4
88596,27730.4375,3
88597,480536.171875,4
88598,56259.0,4
88599,,0
88600,119132.8125,4
88601,9244860.9375,4
88602,,0
88603,1673949.09375,4
88604,12646.875,4
88606,20116.113375,4
88607,13157.8125,4
88608,16434.375,4
88609,12220.3125,4
88610,12210.9375,4
88611,6682.03125,4
88612,901406.25,4
88614,2898214.359375,4
88615,447854.765625,4
88616,90790.615625,4
88617,293209.03125,2
88618,357845.75,4
88620,570435.0,4
88622,2987795.90625,4
88623,217170.625,3
88624,629816.484375,4
88625,174799.73958333334,3
88626,644992.578125,4
88627,804416.953125,4
88628,314987.90625,2
88629,29001.2890625,4
88630,74477.0,1
88631,378736.1875,4
88632,243919.5752475,4
88633,1164228.125,4
88634,162828.84375,4
88635,39486.1875,4
88636,264681.484375,4
88637,70454.6875,4
88638,135602.375,3
88639,,0
88641,824798.796875,4
88642,591058.59375,4
88643,459009.75,4
88644,,0
88645,,0
88646,296875.15625,2
88647,114406.59375,4
88648,671641.03125,4
88649,144648.4375,4
88650,23484.0,4
88651,579029.703125,4
88652,162230.65625,2
88653,36963.28125,2
88654,175739.0625,4
88655,,0
88657,4023584.53125,4
88658,4434351.625,3
88659,121250.0,1
88660,2763193.3333333335,3
88661,1049548.5,3
88663,671648.25,3
88664,1877354.11072,12
88665,276483.5416666667,3
88666,220448.125,3
88667,,0
88668,6598125.0,3
88669,,0
88670,258875.0,3
88671,11485.416666666666,3
88674,9365.0,3
88675,27373.75,1
88676,30788.541666666668,3
88677,9225.0,3
88678,14136.719,3
88679,1299396.0,3
88681,117133.33333333333,3
88682,725877.4583333334,3
88683,4115455.25,3
88717,461125.0,2
88718,364111.5,3
88719,28003.666666666668,3
88721,429138.25,1
88722,155775.35416666666,3
88723,,0
88724,,0
88725,11456.25,3
88726,69690.08333333333,3
88727,392755.4375,2
88729,428604.75,1
88730,202058.125,3
88731,321057.7083333333,3
88732,47115.166666666664,3
88733,321203.7708333333,3
88734,233546.25,1
88735,326278.5625,3
88737,2563.0625,3
88738,64938.875,1
88739,2639609.625,3
88740,443046.9583333333,3
88741,20094.0,3
88742,124595.1875,3
88743,335213.625,3
88745,113475.25,3
88746,22376.833333333332,3
88747,152674.9375,2
88748,346473.5208333333,3
88749,383738.9375,3
88750,1184575.4375,3
88751,,0
88783,2089578.9375,2
88784,585743.68431,2
88785,229332.125,2
88786,203714.625,2
88788,21243.75,2
88789,,0
88790,229207.6875,2
88791,346953.78125,2
88792,200379.8125,2
88793,172930.875,2
88794,263148.421875,2
88795,416586.7447916667,12
88796,43448.4375,2
88797,10277.75,2
88798,182014.59375,2
88799,70872.75,2
88800,171870.0,1
88801,,0
88802,26043.75,2
88803,152169.1875,2
88804,937219.14,2
88806,337928.5,1
88807,722120.125,2
88809,436763.125,2
88810,310618.84375,2
88811,114439.5,2
88812,65890.5,2
88813,2977629.0625,2
88814,458245.21875,2
88815,115021.25,2
88817,357921.9375,2
88818,261333.1875,2
88819,2001244.25,2
88820,124442.0,2
88821,592464.375,1
88822,133312.5,2
88825,849375.0,2
88826,854256.375,2
88827,144818.75,2
88828,192539.0625,1
88829,91085.9375,1
88830,210415.5,1
88831,47855.75,1
88832,462250.00062500004,12
88835,32642.25,1
88836,170582.0,1
88837,2137779.5,1
88838,316207.625,1
88839,244722.25,1
88840,16128.75,1
88841,391970.0,1
88842,5037.5,1
88845,5809686.75,1
88846,,0
88847,381648.75,1
88848,22380.0,1
88849,,0
88850,,0
88851,,0
88852,,0
88853,2504319.0625,1
88854,6968.000000000001,1
88855,669125.0,1
88856,1230320.0,1
88857,,0
88858,,0
88860,,0
88861,,0
88862,,0
88864,,0
88865,,0
88866,,0
88867,77252.72916666667,6
88868,,0
88869,,0
88871,,0
88872,,0
88877,,0
88878,,0
88880,,0
88881,,0
88882,,0
88891,13427.739583333334,12
88912,167125.10677083334,12
88916,430747.1590909091,11
88939,,0
88990,156997.7109375,12
89077,91329.51041666667,3
89093,204784.54545454544,11
89181,494368.3385416667,12
89237,336728.34375,12
89245,32387.7,5
89279,52551.5625,6
89317,108314.46875,12
89325,57797.33984375,8
89333,543961.2552083334,12
89341,963372.0625,9
89440,114080.76041666667,12
89456,191752.67708333334,12
89476,307697.7272727273,11
89477,234393.75,11
89478,700070.3125,12
89479,680819.8181818182,11
89480,662165.3409090909,11
89499,52468.75,3
89587,13862.039772727272,11
89595,10712.989583333334,12
89659,118351.75,12
89675,982081.0473958333,12
89696,68133.28645833333,12
89763,255449.25,1
89771,136869.71354166666,6
89858,412841.203125,12
89915,209824.28125,12
89931,325317.5625,1
90051,,0
90086,88644.21875,12
90100,1646087.765625,12
90107,28657.3875,5
90174,242197.92307199998,5
90310,67001.4375,2
90329,26626.822916666668,12
90352,9019301.10895091,11
90377,369978.515625,12
90398,18588.541666666668,12
90537,5408450.192708333,12
90545,6761.588541666667,12
90561,108481.81770833333,12
90609,4985997.466145833,12
90660,5281.25,12
90705,20731.541666666668,6
90721,171453.43489583334,12
90756,563129.9583333334,12
90879,1481927.4270833333,12
90924,29871.729166666668,6
90983,41905.192708333336,12
91003,309926.570735,6
91257,60512.822916666664,12
91265,206842.05,5
91380,929628.4104166668,12
91441,332815.8660714286,7
91492,,0
91556,1392061.6979166667,12
91601,109372.44791666667,12
91620,27113.817708333332,12
91804,272330.5260416667,12
91855,158534.89583333334,12
92073,78868.46354166667,12
92225,81972.0,1
92284,139947.25,12
92583,17250.116071428572,7
92655,13821939.4375,12
92663,127155.28125,12
92690,62390.322916666664,12
92807,123582.046875,4
92866,107755.75,1
92874,27230.94375,10
92930,217833.03125,12
93105,394742.8307291667,12
93316,46663.40625,2
